country,g77_and_oecd_countries,income_groups,is--country,iso3166_1_alpha2,unicode_region_subtag,iso3166_1_alpha3,iso3166_1_numeric,iso3166_2,landlocked,latitude,longitude,main_religion_2008,name,un_state,world_4region,world_6region,unicef_region,income_3groups,un_sdg_region,un_sdg_ldc,unhcr_region,west_and_rest,income_mountain_50bracket_max_height_for_log
abkh,others,,TRUE,,,,,,,,,,Abkhazia,FALSE,europe,europe_central_asia,,,,,,,
abw,others,high_income,TRUE,AW,AW,ABW,533,,coastline,12.5,-69.96667,christian,Aruba,FALSE,americas,america,,high_income,un_latin_america_and_the_caribbean,un_not_least_developed,unhcr_americas,,
afg,g77,low_income,TRUE,AF,AF,AFG,4,,landlocked,33.0,66.0,muslim,Afghanistan,TRUE,asia,south_asia,sa,low_income,un_central_and_southern_asia,un_least_developed,unhcr_asia_pacific,rest,17501663
ago,g77,lower_middle_income,TRUE,AO,AO,AGO,24,,coastline,-12.5,18.5,christian,Angola,TRUE,africa,sub_saharan_africa,ssa,middle_income,un_sub_saharan_africa,un_least_developed,unhcr_southern_africa,rest,18300162
aia,others,,TRUE,AI,AI,AIA,660,,coastline,18.21667,-63.05,christian,Anguilla,FALSE,americas,america,,,un_latin_america_and_the_caribbean,un_not_least_developed,unhcr_americas,,
akr_a_dhe,others,,TRUE,,,,,,coastline,,,,Akrotiri and Dhekelia,FALSE,europe,europe_central_asia,,,,,,,
ala,others,,TRUE,AX,AX,ALA,248,,coastline,60.25,20.0,,Åland,FALSE,europe,europe_central_asia,,,un_europe_and_northern_america,un_not_least_developed,,,
alb,others,upper_middle_income,TRUE,AL,AL,ALB,8,,coastline,41.0,20.0,muslim,Albania,TRUE,europe,europe_central_asia,eca,middle_income,un_europe_and_northern_america,un_not_least_developed,unhcr_europe,rest,743629
and,others,high_income,TRUE,AD,AD,AND,20,,landlocked,42.50779,1.52109,christian,Andorra,TRUE,europe,europe_central_asia,eca,high_income,un_europe_and_northern_america,un_not_least_developed,unhcr_europe,west,
ant,others,,TRUE,,,,,,coastline,,,,Netherlands Antilles,FALSE,americas,america,,,,,,,
are,g77,high_income,TRUE,AE,AE,ARE,784,,coastline,23.75,54.5,muslim,UAE,TRUE,asia,middle_east_north_africa,mena,high_income,un_northern_africa_and_western_asia,un_not_least_developed,unhcr_middle_east_north_africa,rest,2996545
arg,g77,upper_middle_income,TRUE,AR,AR,ARG,32,,coastline,-34.0,-64.0,christian,Argentina,TRUE,americas,america,lac,middle_income,un_latin_america_and_the_caribbean,un_not_least_developed,unhcr_americas,rest,7784400
arm,others,upper_middle_income,TRUE,AM,AM,ARM,51,,landlocked,40.25,45.0,christian,Armenia,TRUE,europe,europe_central_asia,eca,middle_income,un_northern_africa_and_western_asia,un_not_least_developed,unhcr_europe,rest,738197
asm,others,upper_middle_income,TRUE,AS,AS,ASM,16,,coastline,-11.056,-171.082,christian,American Samoa,FALSE,asia,east_asia_pacific,,middle_income,un_oceania_exc_australia_and_new_zealand,un_not_least_developed,,,
ata,,,TRUE,AQ,AQ,ATA,10,,,-90.0,0.0,,Antarctica,FALSE,europe,,,,,un_not_least_developed,,,
atg,g77,high_income,TRUE,AG,AG,ATG,28,,coastline,17.05,-61.8,christian,Antigua and Barbuda,TRUE,americas,america,lac,high_income,un_latin_america_and_the_caribbean,un_not_least_developed,unhcr_americas,rest,19241
aus,oecd,high_income,TRUE,AU,AU,AUS,36,,coastline,-25.0,135.0,christian,Australia,TRUE,asia,east_asia_pacific,eap,high_income,un_australia_and_new_zealand,un_not_least_developed,unhcr_asia_pacific,west,7068487
aut,oecd,high_income,TRUE,AT,AT,AUT,40,,landlocked,47.33333,13.33333,christian,Austria,TRUE,europe,europe_central_asia,eca,high_income,un_europe_and_northern_america,un_not_least_developed,unhcr_europe,west,1979838
aze,others,upper_middle_income,TRUE,AZ,AZ,AZE,31,,landlocked,40.5,47.5,muslim,Azerbaijan,TRUE,europe,europe_central_asia,eca,middle_income,un_northern_africa_and_western_asia,un_not_least_developed,unhcr_europe,rest,3211505
bdi,g77,low_income,TRUE,BI,BI,BDI,108,,landlocked,-3.5,30.0,christian,Burundi,TRUE,africa,sub_saharan_africa,ssa,low_income,un_sub_saharan_africa,un_least_developed,unhcr_east_horn_africa_great_lates,rest,7460342
bel,oecd,high_income,TRUE,BE,BE,BEL,56,,coastline,50.75,4.5,christian,Belgium,TRUE,europe,europe_central_asia,eca,high_income,un_europe_and_northern_america,un_not_least_developed,unhcr_europe,west,3175751
ben,g77,low_income,TRUE,BJ,BJ,BEN,204,,coastline,9.5,2.25,,Benin,TRUE,africa,sub_saharan_africa,ssa,low_income,un_sub_saharan_africa,un_least_developed,unhcr_west_central_africa,rest,9050821
bfa,g77,low_income,TRUE,BF,BF,BFA,854,,landlocked,12.5,-1.66667,muslim,Burkina Faso,TRUE,africa,sub_saharan_africa,ssa,low_income,un_sub_saharan_africa,un_least_developed,unhcr_west_central_africa,rest,12055770
bgd,g77,lower_middle_income,TRUE,BD,BD,BGD,50,,coastline,24.0,90.0,muslim,Bangladesh,TRUE,asia,south_asia,sa,middle_income,un_central_and_southern_asia,un_least_developed,unhcr_asia_pacific,rest,43038400
bgr,others,upper_middle_income,TRUE,BG,BG,BGR,100,,coastline,42.66667,25.25,christian,Bulgaria,TRUE,europe,europe_central_asia,eca,middle_income,un_europe_and_northern_america,un_not_least_developed,unhcr_europe,rest,2445670
bhr,g77,high_income,TRUE,BH,BH,BHR,48,,coastline,26.03333,50.55,muslim,Bahrain,TRUE,asia,middle_east_north_africa,mena,high_income,un_northern_africa_and_western_asia,un_not_least_developed,unhcr_middle_east_north_africa,rest,276394
bhs,g77,high_income,TRUE,BS,BS,BHS,44,,coastline,25.04082,-77.37122,christian,Bahamas,TRUE,americas,america,lac,high_income,un_latin_america_and_the_caribbean,un_not_least_developed,unhcr_americas,rest,60538
bih,g77,upper_middle_income,TRUE,BA,BA,BIH,70,,coastline,44.25,17.83333,,Bosnia and Herzegovina,TRUE,europe,europe_central_asia,eca,middle_income,un_europe_and_northern_america,un_not_least_developed,unhcr_europe,rest,1031457
blr,others,upper_middle_income,TRUE,BY,BY,BLR,112,,landlocked,53.0,28.0,christian,Belarus,TRUE,europe,europe_central_asia,eca,middle_income,un_europe_and_northern_america,un_not_least_developed,unhcr_europe,rest,3247217
blz,g77,upper_middle_income,TRUE,BZ,BZ,BLZ,84,,coastline,17.49952,-88.19756,christian,Belize,TRUE,americas,america,lac,middle_income,un_latin_america_and_the_caribbean,un_not_least_developed,unhcr_americas,rest,82009
bmu,others,high_income,TRUE,BM,BM,BMU,60,,coastline,32.2949,-64.78303,christian,Bermuda,FALSE,americas,america,,high_income,un_europe_and_northern_america,un_not_least_developed,unhcr_americas,,
bol,g77,lower_middle_income,TRUE,BO,BO,BOL,68,,landlocked,-17.0,-65.0,christian,Bolivia,TRUE,americas,america,lac,middle_income,un_latin_america_and_the_caribbean,un_not_least_developed,unhcr_americas,rest,3186118
bouisl,,,TRUE,BV,BV,BVT,74,,,,,,Bouvet Island,FALSE,africa,,,,un_latin_america_and_the_caribbean,un_not_least_developed,,,
bra,g77,upper_middle_income,TRUE,BR,BR,BRA,76,,coastline,-10.0,-55.0,christian,Brazil,TRUE,americas,america,lac,middle_income,un_latin_america_and_the_caribbean,un_not_least_developed,unhcr_americas,rest,31559866
brb,g77,high_income,TRUE,BB,BB,BRB,52,,coastline,13.16667,-59.53333,christian,Barbados,TRUE,americas,america,lac,high_income,un_latin_america_and_the_caribbean,un_not_least_developed,unhcr_americas,rest,34885
brn,g77,high_income,TRUE,BN,BN,BRN,96,,coastline,4.5,114.66667,muslim,Brunei,TRUE,asia,east_asia_pacific,eap,high_income,un_eastern_and_south_eastern_asia,un_not_least_developed,unhcr_asia_pacific,rest,84106
btn,g77,lower_middle_income,TRUE,BT,BT,BTN,64,,landlocked,27.5,90.5,eastern_religions,Bhutan,TRUE,asia,south_asia,sa,middle_income,un_central_and_southern_asia,un_least_developed,unhcr_asia_pacific,rest,185791
bwa,g77,upper_middle_income,TRUE,BW,BW,BWA,72,,landlocked,-22.0,24.0,christian,Botswana,TRUE,africa,sub_saharan_africa,ssa,middle_income,un_sub_saharan_africa,un_not_least_developed,unhcr_southern_africa,rest,536916
caf,g77,low_income,TRUE,CF,CF,CAF,140,,landlocked,7.0,21.0,,Central African Republic,TRUE,africa,sub_saharan_africa,ssa,low_income,un_sub_saharan_africa,un_least_developed,unhcr_west_central_africa,rest,2673901
can,oecd,high_income,TRUE,CA,CA,CAN,124,,coastline,60.10867,-113.64258,christian,Canada,TRUE,americas,america,na,high_income,un_europe_and_northern_america,un_not_least_developed,unhcr_americas,west,9342550
cck,others,,TRUE,CC,CC,CCK,166,,coastline,-12.1642,96.87332,,Cocos Island,FALSE,asia,east_asia_pacific,,,un_australia_and_new_zealand,un_not_least_developed,,,
chanisl,others,high_income,TRUE,,,,,,coastline,,,christian,Channel Islands,FALSE,europe,europe_central_asia,,high_income,,,,,
che,oecd,high_income,TRUE,CH,CH,CHE,756,,landlocked,47.00016,8.01427,christian,Switzerland,TRUE,europe,europe_central_asia,eca,high_income,un_europe_and_northern_america,un_not_least_developed,unhcr_europe,west,1822245
cheslo,others,,TRUE,,,,,,landlocked,,,,Czechoslovakia,FALSE,europe,europe_central_asia,,,,,,,
chl,g77,high_income,TRUE,CL,CL,CHL,152,,coastline,-33.45694,-70.64827,christian,Chile,TRUE,americas,america,lac,high_income,un_latin_america_and_the_caribbean,un_not_least_developed,unhcr_americas,rest,3395279
chn,g77,upper_middle_income,TRUE,CN,CN,CHN,156,,coastline,35.0,105.0,eastern_religions,China,TRUE,asia,east_asia_pacific,eap,middle_income,un_eastern_and_south_eastern_asia,un_not_least_developed,unhcr_asia_pacific,rest,257128703
civ,g77,lower_middle_income,TRUE,CI,CI,CIV,384,,coastline,8.0,-5.5,,Cote d'Ivoire,TRUE,africa,sub_saharan_africa,ssa,middle_income,un_sub_saharan_africa,un_not_least_developed,unhcr_west_central_africa,rest,15337439
cmr,g77,lower_middle_income,TRUE,CM,CM,CMR,120,,coastline,6.0,12.5,christian,Cameroon,TRUE,africa,sub_saharan_africa,ssa,middle_income,un_sub_saharan_africa,un_not_least_developed,unhcr_west_central_africa,rest,12297569
cod,g77,low_income,TRUE,CD,CD,COD,180,,landlocked,-2.5,23.5,christian,"Congo, Dem. Rep.",TRUE,africa,sub_saharan_africa,ssa,low_income,un_sub_saharan_africa,un_least_developed,unhcr_southern_africa,rest,67045051
cog,g77,lower_middle_income,TRUE,CG,CG,COG,178,,coastline,-1.0,15.5,christian,"Congo, Rep.",TRUE,africa,sub_saharan_africa,ssa,middle_income,un_sub_saharan_africa,un_not_least_developed,unhcr_southern_africa,rest,2411168
cok,others,,TRUE,CK,CK,COK,184,,coastline,-21.24842,-159.78516,christian,Cook Is,FALSE,asia,east_asia_pacific,,,un_oceania_exc_australia_and_new_zealand,un_not_least_developed,unhcr_asia_pacific,,
col,g77,upper_middle_income,TRUE,CO,CO,COL,170,,coastline,4.0,-73.25,christian,Colombia,TRUE,americas,america,lac,middle_income,un_latin_america_and_the_caribbean,un_not_least_developed,unhcr_americas,rest,7187220
com,g77,lower_middle_income,TRUE,KM,KM,COM,174,,coastline,-12.23333,44.44553,muslim,Comoros,TRUE,africa,sub_saharan_africa,ssa,middle_income,un_sub_saharan_africa,un_least_developed,unhcr_southern_africa,rest,222710
cpv,g77,lower_middle_income,TRUE,CV,CV,CPV,132,,coastline,16.0,-24.0,christian,Cape Verde,TRUE,africa,sub_saharan_africa,ssa,middle_income,un_sub_saharan_africa,un_not_least_developed,unhcr_west_central_africa,rest,112463
cri,g77,upper_middle_income,TRUE,CR,CR,CRI,188,,coastline,10.0,-84.0,christian,Costa Rica,TRUE,americas,america,lac,middle_income,un_latin_america_and_the_caribbean,un_not_least_developed,unhcr_americas,rest,780927
cub,g77,upper_middle_income,TRUE,CU,CU,CUB,192,,coastline,22.0,-79.5,christian,Cuba,TRUE,americas,america,lac,middle_income,un_latin_america_and_the_caribbean,un_not_least_developed,unhcr_americas,rest,1716317
cxr,others,,TRUE,CX,CX,CXR,162,,coastline,-10.5,105.66667,,Christmas Island,FALSE,asia,east_asia_pacific,,,un_australia_and_new_zealand,un_not_least_developed,,,
cym,others,high_income,TRUE,KY,KY,CYM,136,,coastline,19.5,-80.66667,christian,Cayman Islands,FALSE,americas,america,,high_income,un_latin_america_and_the_caribbean,un_not_least_developed,unhcr_americas,,
cyp,others,high_income,TRUE,CY,CY,CYP,196,,coastline,35.0,33.0,christian,Cyprus,TRUE,europe,europe_central_asia,eca,high_income,un_northern_africa_and_western_asia,un_not_least_developed,unhcr_europe,rest,293027
cyp_nor,others,,TRUE,,,,,,coastline,,,,Northern Cyprus,FALSE,europe,europe_central_asia,,,,,,,
cze,oecd,high_income,TRUE,CZ,CZ,CZE,203,,landlocked,49.75,15.0,christian,Czech Republic,TRUE,europe,europe_central_asia,eca,high_income,un_europe_and_northern_america,un_not_least_developed,unhcr_europe,rest,3633464
deu,oecd,high_income,TRUE,DE,DE,DEU,276,,coastline,51.5,10.5,christian,Germany,TRUE,europe,europe_central_asia,eca,high_income,un_europe_and_northern_america,un_not_least_developed,unhcr_europe,west,18481833
deu_east,others,,TRUE,,,,,,coastline,,,,East Germany,FALSE,europe,europe_central_asia,,,,,,,
deu_west,others,,TRUE,,,,,,coastline,,,,West Germany,FALSE,europe,europe_central_asia,,,,,,,
dji,g77,lower_middle_income,TRUE,DJ,DJ,DJI,262,,coastline,11.58901,43.14503,muslim,Djibouti,TRUE,africa,middle_east_north_africa,ssa,middle_income,un_sub_saharan_africa,un_least_developed,unhcr_east_horn_africa_great_lates,rest,273887
dma,g77,upper_middle_income,TRUE,DM,DM,DMA,212,,coastline,15.5,-61.33333,christian,Dominica,TRUE,americas,america,lac,middle_income,un_latin_america_and_the_caribbean,un_not_least_developed,unhcr_americas,rest,13724
dnk,oecd,high_income,TRUE,DK,DK,DNK,208,,coastline,56.0,10.0,christian,Denmark,TRUE,europe,europe_central_asia,eca,high_income,un_europe_and_northern_america,un_not_least_developed,unhcr_europe,west,1547385
dom,g77,upper_middle_income,TRUE,DO,DO,DOM,214,,coastline,19.0,-70.66667,christian,Dominican Republic,TRUE,americas,america,lac,middle_income,un_latin_america_and_the_caribbean,un_not_least_developed,unhcr_americas,rest,2278178
dza,g77,upper_middle_income,TRUE,DZ,DZ,DZA,12,,coastline,28.0,3.0,muslim,Algeria,TRUE,africa,middle_east_north_africa,mena,middle_income,un_northern_africa_and_western_asia,un_not_least_developed,unhcr_middle_east_north_africa,rest,14098267
ecu,g77,upper_middle_income,TRUE,EC,EC,ECU,218,,coastline,-1.25,-78.25,christian,Ecuador,TRUE,americas,america,lac,middle_income,un_latin_america_and_the_caribbean,un_not_least_developed,unhcr_americas,rest,3107569
egy,g77,lower_middle_income,TRUE,EG,EG,EGY,818,,coastline,27.0,30.0,muslim,Egypt,TRUE,africa,middle_east_north_africa,mena,middle_income,un_northern_africa_and_western_asia,un_not_least_developed,unhcr_middle_east_north_africa,rest,44649469
eri,g77,low_income,TRUE,ER,ER,ERI,232,,coastline,15.0,39.0,muslim,Eritrea,TRUE,africa,sub_saharan_africa,ssa,low_income,un_sub_saharan_africa,un_least_developed,unhcr_east_horn_africa_great_lates,rest,1402346
eri_a_eth,others,,TRUE,,,,,,coastline,,,,Eritrea and Ethiopia,FALSE,africa,sub_saharan_africa,,,,,,,
esh,others,,TRUE,EH,EH,ESH,732,,coastline,24.49215,-12.65625,muslim,Western Sahara,FALSE,africa,middle_east_north_africa,,,un_northern_africa_and_western_asia,un_not_least_developed,unhcr_middle_east_north_africa,,
esp,oecd,high_income,TRUE,ES,ES,ESP,724,,coastline,40.0,-4.0,christian,Spain,TRUE,europe,europe_central_asia,eca,high_income,un_europe_and_northern_america,un_not_least_developed,unhcr_europe,west,8727016
est,others,high_income,TRUE,EE,EE,EST,233,,coastline,59.0,26.0,christian,Estonia,TRUE,europe,europe_central_asia,eca,high_income,un_europe_and_northern_america,un_not_least_developed,unhcr_europe,rest,316624
eth,g77,low_income,TRUE,ET,ET,ETH,231,,coastline,9.0,39.5,christian,Ethiopia,TRUE,africa,sub_saharan_africa,ssa,low_income,un_sub_saharan_africa,un_least_developed,unhcr_east_horn_africa_great_lates,rest,66262393
fin,oecd,high_income,TRUE,FI,FI,FIN,246,,coastline,64.0,26.0,christian,Finland,TRUE,europe,europe_central_asia,eca,high_income,un_europe_and_northern_america,un_not_least_developed,unhcr_europe,west,1431703
fji,g77,upper_middle_income,TRUE,FJ,FJ,FJI,242,,coastline,-18.0,178.0,christian,Fiji,TRUE,asia,east_asia_pacific,eap,middle_income,un_oceania_exc_australia_and_new_zealand,un_not_least_developed,unhcr_asia_pacific,rest,239404
flk,others,,TRUE,FK,FK,FLK,238,,coastline,-51.75,-59.16667,christian,Falkland Is (Malvinas),FALSE,americas,america,,,un_latin_america_and_the_caribbean,un_not_least_developed,,,
fra,oecd,high_income,TRUE,FR,FR,FRA,250,,coastline,46.0,2.0,christian,France,TRUE,europe,europe_central_asia,eca,high_income,un_europe_and_northern_america,un_not_least_developed,unhcr_europe,west,14374758
fra_antarc,,,TRUE,,,,,,,,,,French Southern and Antarctic Lands,FALSE,,,,,,,,,
fra_clipperton,,,TRUE,CP,CP,,,,,,,,Clipperton,FALSE,,,,,,,,,
fro,others,high_income,TRUE,FO,FO,FRO,234,,coastline,62.0,-7.0,christian,Faeroe Islands,FALSE,europe,europe_central_asia,,high_income,un_europe_and_northern_america,un_not_least_developed,,,
fsm,g77,lower_middle_income,TRUE,FM,FM,FSM,583,,coastline,6.924,158.162,christian,"Micronesia, Fed. Sts.",TRUE,asia,east_asia_pacific,eap,middle_income,un_oceania_exc_australia_and_new_zealand,un_not_least_developed,unhcr_asia_pacific,rest,23805
gab,g77,upper_middle_income,TRUE,GA,GA,GAB,266,,coastline,-1.0,11.75,christian,Gabon,TRUE,africa,sub_saharan_africa,ssa,middle_income,un_sub_saharan_africa,un_not_least_developed,unhcr_west_central_africa,rest,840815
gbg,others,,TRUE,GG,GG,GGY,831,,coastline,49.45474,-2.57629,,Guernsey,FALSE,europe,europe_central_asia,,,un_europe_and_northern_america,un_not_least_developed,,,
gbm,others,high_income,TRUE,IM,IM,IMN,833,,coastline,54.15,-4.48333,christian,Isle of Man,FALSE,europe,europe_central_asia,,high_income,un_europe_and_northern_america,un_not_least_developed,,,
gbr,oecd,high_income,TRUE,GB,GB,GBR,826,,coastline,54.75844,-2.69531,christian,UK,TRUE,europe,europe_central_asia,eca,high_income,un_europe_and_northern_america,un_not_least_developed,unhcr_europe,west,13047843
geo,others,upper_middle_income,TRUE,GE,GE,GEO,268,,coastline,41.99998,43.4999,christian,Georgia,TRUE,europe,europe_central_asia,eca,middle_income,un_northern_africa_and_western_asia,un_not_least_developed,unhcr_europe,rest,943717
gha,g77,lower_middle_income,TRUE,GH,GH,GHA,288,,coastline,8.1,-1.2,christian,Ghana,TRUE,africa,sub_saharan_africa,ssa,middle_income,un_sub_saharan_africa,un_not_least_developed,unhcr_west_central_africa,rest,11216469
gib,others,high_income,TRUE,GI,GI,GIB,292,,coastline,36.14474,-5.35257,christian,Gibraltar,FALSE,europe,europe_central_asia,,high_income,un_europe_and_northern_america,un_not_least_developed,unhcr_europe,,
gin,g77,low_income,TRUE,GN,GN,GIN,324,,coastline,10.83333,-10.66667,muslim,Guinea,TRUE,africa,sub_saharan_africa,ssa,low_income,un_sub_saharan_africa,un_least_developed,unhcr_west_central_africa,rest,6562337
glp,others,,TRUE,GP,GP,GLP,312,,coastline,16.25,-61.58333,christian,Guadeloupe,FALSE,americas,america,,,un_latin_america_and_the_caribbean,un_not_least_developed,unhcr_americas,,
gmb,g77,low_income,TRUE,GM,GM,GMB,270,,coastline,13.5,-15.5,muslim,Gambia,TRUE,africa,sub_saharan_africa,ssa,low_income,un_sub_saharan_africa,un_least_developed,unhcr_west_central_africa,rest,1114550
gnb,g77,low_income,TRUE,GW,GW,GNB,624,,coastline,12.0,-15.0,,Guinea-Bissau,TRUE,africa,sub_saharan_africa,ssa,low_income,un_sub_saharan_africa,un_least_developed,unhcr_west_central_africa,rest,830645
gnq,g77,upper_middle_income,TRUE,GQ,GQ,GNQ,226,,coastline,1.7,10.5,christian,Equatorial Guinea,TRUE,africa,sub_saharan_africa,ssa,middle_income,un_sub_saharan_africa,un_least_developed,unhcr_west_central_africa,rest,640836
grc,oecd,high_income,TRUE,GR,GR,GRC,300,,coastline,39.0,22.0,christian,Greece,TRUE,europe,europe_central_asia,eca,high_income,un_europe_and_northern_america,un_not_least_developed,unhcr_europe,west,2296875
grd,g77,upper_middle_income,TRUE,GD,GD,GRD,308,,coastline,12.11667,-61.66667,christian,Grenada,TRUE,americas,america,lac,middle_income,un_latin_america_and_the_caribbean,un_not_least_developed,unhcr_americas,rest,24508
grl,others,high_income,TRUE,GL,GL,GRL,304,,coastline,72.0,-40.0,christian,Greenland,FALSE,europe,europe_central_asia,,high_income,un_europe_and_northern_america,un_not_least_developed,,,
gtm,g77,upper_middle_income,TRUE,GT,GT,GTM,320,,coastline,14.64072,-90.51327,christian,Guatemala,TRUE,americas,america,lac,middle_income,un_latin_america_and_the_caribbean,un_not_least_developed,unhcr_americas,rest,4174645
guf,others,,TRUE,GF,GF,GUF,254,,coastline,4.0,-53.0,christian,French Guiana,FALSE,americas,america,,,un_latin_america_and_the_caribbean,un_not_least_developed,unhcr_americas,,
gum,others,high_income,TRUE,GU,GU,GUM,316,,coastline,13.47861,144.81834,christian,Guam,FALSE,asia,east_asia_pacific,,high_income,un_oceania_exc_australia_and_new_zealand,un_not_least_developed,unhcr_asia_pacific,,
guy,g77,upper_middle_income,TRUE,GY,GY,GUY,328,,coastline,5.0,-59.0,christian,Guyana,TRUE,americas,america,lac,middle_income,un_latin_america_and_the_caribbean,un_not_least_developed,unhcr_americas,rest,117548
heard_a_mcd,,,TRUE,HM,HM,HMD,334,,,,,,Heard and McDonald Islands,FALSE,asia,,,,un_australia_and_new_zealand,un_not_least_developed,,,
hkg,others,high_income,TRUE,HK,HK,HKG,344,,coastline,22.28552,114.15769,eastern_religions,"Hong Kong, China",FALSE,asia,east_asia_pacific,,high_income,un_eastern_and_south_eastern_asia,un_not_least_developed,unhcr_asia_pacific,,1109815
hnd,g77,lower_middle_income,TRUE,HN,HN,HND,340,,coastline,15.0,-86.5,christian,Honduras,TRUE,americas,america,lac,middle_income,un_latin_america_and_the_caribbean,un_not_least_developed,unhcr_americas,rest,1901184
hos,others,,TRUE,VA,VA,VAT,336,,landlocked,41.90236,12.45332,christian,Holy See,TRUE,europe,europe_central_asia,eca,,un_europe_and_northern_america,un_not_least_developed,unhcr_europe,west,
hrv,others,high_income,TRUE,HR,HR,HRV,191,,coastline,45.16667,15.5,christian,Croatia,TRUE,europe,europe_central_asia,eca,high_income,un_europe_and_northern_america,un_not_least_developed,unhcr_europe,rest,1410438
hti,g77,low_income,TRUE,HT,HT,HTI,332,,coastline,19.0,-72.41667,christian,Haiti,TRUE,americas,america,lac,low_income,un_latin_america_and_the_caribbean,un_least_developed,unhcr_americas,rest,2470053
hun,oecd,high_income,TRUE,HU,HU,HUN,348,,landlocked,47.0,20.0,christian,Hungary,TRUE,europe,europe_central_asia,eca,high_income,un_europe_and_northern_america,un_not_least_developed,unhcr_europe,rest,3342444
idn,g77,lower_middle_income,TRUE,ID,ID,IDN,360,,coastline,-5.0,120.0,muslim,Indonesia,TRUE,asia,east_asia_pacific,eap,middle_income,un_eastern_and_south_eastern_asia,un_not_least_developed,unhcr_asia_pacific,rest,66051162
ind,g77,lower_middle_income,TRUE,IN,IN,IND,356,,coastline,22.0,79.0,eastern_religions,India,TRUE,asia,south_asia,sa,middle_income,un_central_and_southern_asia,un_not_least_developed,unhcr_asia_pacific,rest,344959870
iot,,,TRUE,IO,IO,IOT,86,,,-6.0,72.0,,British Indian Ocean Territory,FALSE,asia,,,,un_sub_saharan_africa,un_not_least_developed,,,
irl,oecd,high_income,TRUE,IE,IE,IRL,372,,coastline,53.0,-8.0,christian,Ireland,TRUE,europe,europe_central_asia,eca,high_income,un_europe_and_northern_america,un_not_least_developed,unhcr_europe,west,1349052
irn,g77,upper_middle_income,TRUE,IR,IR,IRN,364,,coastline,32.0,53.0,muslim,Iran,TRUE,asia,middle_east_north_africa,mena,middle_income,un_central_and_southern_asia,un_not_least_developed,unhcr_asia_pacific,rest,18443694
irq,g77,upper_middle_income,TRUE,IQ,IQ,IRQ,368,,coastline,33.0,44.0,muslim,Iraq,TRUE,asia,middle_east_north_africa,mena,middle_income,un_northern_africa_and_western_asia,un_not_least_developed,unhcr_middle_east_north_africa,rest,22699628
isl,oecd,high_income,TRUE,IS,IS,ISL,352,,coastline,65.0,-18.0,christian,Iceland,TRUE,europe,europe_central_asia,eca,high_income,un_europe_and_northern_america,un_not_least_developed,unhcr_europe,west,102596
isr,oecd,high_income,TRUE,IL,IL,ISR,376,,coastline,31.5,34.75,,Israel,TRUE,asia,middle_east_north_africa,mena,high_income,un_northern_africa_and_western_asia,un_not_least_developed,unhcr_middle_east_north_africa,rest,2707676
ita,oecd,high_income,TRUE,IT,IT,ITA,380,,coastline,42.83333,12.83333,christian,Italy,TRUE,europe,europe_central_asia,eca,high_income,un_europe_and_northern_america,un_not_least_developed,unhcr_europe,west,11557149
jam,g77,upper_middle_income,TRUE,JM,JM,JAM,388,,coastline,18.16667,-77.25,christian,Jamaica,TRUE,americas,america,lac,middle_income,un_latin_america_and_the_caribbean,un_not_least_developed,unhcr_americas,rest,509328
jey,others,,TRUE,JE,JE,JEY,832,,coastline,49.21667,-2.11667,,Jersey,FALSE,europe,europe_central_asia,,,un_europe_and_northern_america,un_not_least_developed,,,
jor,g77,upper_middle_income,TRUE,JO,JO,JOR,400,,coastline,31.0,36.0,muslim,Jordan,TRUE,asia,middle_east_north_africa,mena,middle_income,un_northern_africa_and_western_asia,un_not_least_developed,unhcr_middle_east_north_africa,rest,3604118
jpn,oecd,high_income,TRUE,JP,JP,JPN,392,,coastline,35.68536,139.75309,eastern_religions,Japan,TRUE,asia,east_asia_pacific,eap,high_income,un_eastern_and_south_eastern_asia,un_not_least_developed,unhcr_asia_pacific,rest,28727353
kaz,others,upper_middle_income,TRUE,KZ,KZ,KAZ,398,,landlocked,48.0,68.0,muslim,Kazakhstan,TRUE,asia,europe_central_asia,eca,middle_income,un_central_and_southern_asia,un_not_least_developed,unhcr_asia_pacific,rest,7767345
ken,g77,lower_middle_income,TRUE,KE,KE,KEN,404,,coastline,1.0,38.0,christian,Kenya,TRUE,africa,sub_saharan_africa,ssa,middle_income,un_sub_saharan_africa,un_not_least_developed,unhcr_east_horn_africa_great_lates,rest,19994761
kgz,others,lower_middle_income,TRUE,KG,KG,KGZ,417,,landlocked,41.5,75.0,muslim,Kyrgyz Republic,TRUE,asia,europe_central_asia,eca,middle_income,un_central_and_southern_asia,un_not_least_developed,unhcr_asia_pacific,rest,2530088
khm,g77,lower_middle_income,TRUE,KH,KH,KHM,116,,coastline,13.0,105.0,eastern_religions,Cambodia,TRUE,asia,east_asia_pacific,eap,middle_income,un_eastern_and_south_eastern_asia,un_least_developed,unhcr_asia_pacific,rest,3430488
kir,others,lower_middle_income,TRUE,KI,KI,KIR,296,,coastline,1.421,172.984,christian,Kiribati,TRUE,asia,east_asia_pacific,eap,middle_income,un_oceania_exc_australia_and_new_zealand,un_least_developed,unhcr_asia_pacific,rest,50471
kna,g77,high_income,TRUE,KN,KN,KNA,659,,coastline,17.33333,-62.75,christian,St. Kitts and Nevis,TRUE,americas,america,lac,high_income,un_latin_america_and_the_caribbean,un_not_least_developed,unhcr_americas,rest,9729
kor,oecd,high_income,TRUE,KR,KR,KOR,410,,coastline,36.5,127.75,,South Korea,TRUE,asia,east_asia_pacific,eap,high_income,un_eastern_and_south_eastern_asia,un_not_least_developed,unhcr_asia_pacific,rest,10553665
korea_union,,,TRUE,,,,,,,,,,United Korea (former),FALSE,asia,,,,,,,,
kos,others,upper_middle_income,TRUE,XK,XK,,,,landlocked,,,muslim,Kosovo,FALSE,europe,europe_central_asia,,middle_income,un_europe_and_northern_america,un_not_least_developed,,,
kwt,g77,high_income,TRUE,KW,KW,KWT,414,,coastline,29.36972,47.97833,muslim,Kuwait,TRUE,asia,middle_east_north_africa,mena,high_income,un_northern_africa_and_western_asia,un_not_least_developed,unhcr_middle_east_north_africa,rest,1014410
lao,g77,lower_middle_income,TRUE,LA,LA,LAO,418,,landlocked,18.0,105.0,eastern_religions,Lao,TRUE,asia,east_asia_pacific,eap,middle_income,un_eastern_and_south_eastern_asia,un_least_developed,unhcr_asia_pacific,rest,1789903
lbn,g77,upper_middle_income,TRUE,LB,LB,LBN,422,,coastline,33.83333,35.83333,,Lebanon,TRUE,asia,middle_east_north_africa,mena,middle_income,un_northern_africa_and_western_asia,un_not_least_developed,unhcr_middle_east_north_africa,rest,1308615
lbr,g77,low_income,TRUE,LR,LR,LBR,430,,coastline,6.5,-9.5,,Liberia,TRUE,africa,sub_saharan_africa,ssa,low_income,un_sub_saharan_africa,un_least_developed,unhcr_west_central_africa,rest,2448987
lby,g77,upper_middle_income,TRUE,LY,LY,LBY,434,,coastline,28.0,17.0,muslim,Libya,TRUE,africa,middle_east_north_africa,mena,middle_income,un_northern_africa_and_western_asia,un_not_least_developed,unhcr_middle_east_north_africa,rest,1443743
lca,g77,upper_middle_income,TRUE,LC,LC,LCA,662,,coastline,13.88333,-60.96667,christian,St. Lucia,TRUE,americas,america,lac,middle_income,un_latin_america_and_the_caribbean,un_not_least_developed,unhcr_americas,rest,29209
lie,others,high_income,TRUE,LI,LI,LIE,438,,landlocked,47.16667,9.53333,christian,Liechtenstein,TRUE,europe,europe_central_asia,eca,high_income,un_europe_and_northern_america,un_not_least_developed,unhcr_europe,west,
lka,g77,upper_middle_income,TRUE,LK,LK,LKA,144,,coastline,7.75,80.75,eastern_religions,Sri Lanka,TRUE,asia,south_asia,sa,middle_income,un_central_and_southern_asia,un_not_least_developed,unhcr_asia_pacific,rest,4128385
lso,g77,lower_middle_income,TRUE,LS,LS,LSO,426,,landlocked,-29.5,28.25,christian,Lesotho,TRUE,africa,sub_saharan_africa,ssa,middle_income,un_sub_saharan_africa,un_least_developed,unhcr_southern_africa,rest,387874
ltu,others,high_income,TRUE,LT,LT,LTU,440,,coastline,55.41667,24.0,christian,Lithuania,TRUE,europe,europe_central_asia,eca,high_income,un_europe_and_northern_america,un_not_least_developed,unhcr_europe,rest,818590
lux,oecd,high_income,TRUE,LU,LU,LUX,442,,landlocked,49.61167,6.13,christian,Luxembourg,TRUE,europe,europe_central_asia,eca,high_income,un_europe_and_northern_america,un_not_least_developed,unhcr_europe,west,157603
lva,others,high_income,TRUE,LV,LV,LVA,428,,coastline,57.0,25.0,christian,Latvia,TRUE,europe,europe_central_asia,eca,high_income,un_europe_and_northern_america,un_not_least_developed,unhcr_europe,rest,611843
mac,others,high_income,TRUE,MO,MO,MAC,446,,coastline,22.20056,113.54611,eastern_religions,"Macao, China",FALSE,asia,east_asia_pacific,,high_income,un_eastern_and_south_eastern_asia,un_not_least_developed,unhcr_asia_pacific,,
maf,,high_income,TRUE,MF,MF,MAF,663,,,,,,St. Martin (French part),FALSE,americas,,,high_income,un_latin_america_and_the_caribbean,un_not_least_developed,unhcr_americas,,
mar,g77,lower_middle_income,TRUE,MA,MA,MAR,504,,coastline,32.0,-6.0,muslim,Morocco,TRUE,africa,middle_east_north_africa,mena,middle_income,un_northern_africa_and_western_asia,un_not_least_developed,unhcr_middle_east_north_africa,rest,8478836
mco,others,high_income,TRUE,MC,MC,MCO,492,,coastline,43.73333,7.41667,christian,Monaco,TRUE,europe,europe_central_asia,eca,high_income,un_europe_and_northern_america,un_not_least_developed,unhcr_europe,west,
mda,others,lower_middle_income,TRUE,MD,MD,MDA,498,,landlocked,47.25,28.58333,christian,Moldova,TRUE,europe,europe_central_asia,eca,middle_income,un_europe_and_northern_america,un_not_least_developed,unhcr_europe,rest,883384
mdg,g77,low_income,TRUE,MG,MG,MDG,450,,coastline,-20.0,47.0,,Madagascar,TRUE,africa,sub_saharan_africa,ssa,low_income,un_sub_saharan_africa,un_least_developed,unhcr_southern_africa,rest,13521022
mdv,g77,upper_middle_income,TRUE,MV,MV,MDV,462,,coastline,3.2,73.0,muslim,Maldives,TRUE,asia,south_asia,sa,middle_income,un_central_and_southern_asia,un_not_least_developed,unhcr_asia_pacific,rest,127804
mex,oecd,upper_middle_income,TRUE,MX,MX,MEX,484,,coastline,19.42847,-99.12766,christian,Mexico,TRUE,americas,america,lac,middle_income,un_latin_america_and_the_caribbean,un_not_least_developed,unhcr_americas,rest,23185076
mhl,g77,upper_middle_income,TRUE,MH,MH,MHL,584,,coastline,7.113,171.236,christian,Marshall Islands,TRUE,asia,east_asia_pacific,eap,middle_income,un_oceania_exc_australia_and_new_zealand,un_not_least_developed,unhcr_asia_pacific,rest,10267
mkd,others,upper_middle_income,TRUE,MK,MK,MKD,807,,landlocked,41.66667,21.75,christian,North Macedonia,TRUE,europe,europe_central_asia,eca,middle_income,un_europe_and_northern_america,un_not_least_developed,unhcr_europe,rest,481808
mli,g77,low_income,TRUE,ML,ML,MLI,466,,landlocked,18.0,-2.0,muslim,Mali,TRUE,africa,sub_saharan_africa,ssa,low_income,un_sub_saharan_africa,un_least_developed,unhcr_west_central_africa,rest,16973020
mlt,others,high_income,TRUE,MT,MT,MLT,470,,coastline,35.91667,14.43333,christian,Malta,TRUE,europe,europe_central_asia,eca,high_income,un_europe_and_northern_america,un_not_least_developed,unhcr_europe,west,114874
mmr,g77,lower_middle_income,TRUE,MM,MM,MMR,104,,coastline,21.0,96.0,eastern_religions,Myanmar,TRUE,asia,east_asia_pacific,eap,middle_income,un_eastern_and_south_eastern_asia,un_least_developed,unhcr_asia_pacific,rest,13330758
mne,others,upper_middle_income,TRUE,ME,ME,MNE,499,,coastline,42.75,19.25,christian,Montenegro,TRUE,europe,europe_central_asia,eca,middle_income,un_europe_and_northern_america,un_not_least_developed,unhcr_europe,rest,134973
mng,g77,lower_middle_income,TRUE,MN,MN,MNG,496,,landlocked,46.0,105.0,,Mongolia,TRUE,asia,east_asia_pacific,eap,middle_income,un_eastern_and_south_eastern_asia,un_not_least_developed,unhcr_asia_pacific,rest,958599
mnp,others,high_income,TRUE,MP,MP,MNP,580,,coastline,15.214,145.756,christian,Northern Mariana Islands,FALSE,asia,east_asia_pacific,,high_income,un_oceania_exc_australia_and_new_zealand,un_not_least_developed,,,
moz,g77,low_income,TRUE,MZ,MZ,MOZ,508,,coastline,-18.25,35.0,christian,Mozambique,TRUE,africa,sub_saharan_africa,ssa,low_income,un_sub_saharan_africa,un_least_developed,unhcr_southern_africa,rest,15701106
mrt,g77,lower_middle_income,TRUE,MR,MR,MRT,478,,coastline,20.25,-10.5,muslim,Mauritania,TRUE,africa,sub_saharan_africa,ssa,middle_income,un_sub_saharan_africa,un_least_developed,unhcr_middle_east_north_africa,rest,2927842
msr,others,,TRUE,MS,MS,MSR,500,,coastline,16.75,-62.2,christian,Montserrat,FALSE,americas,america,,,un_latin_america_and_the_caribbean,un_not_least_developed,unhcr_americas,,
mtq,others,,TRUE,MQ,MQ,MTQ,474,,coastline,14.66667,-61.0,christian,Martinique,FALSE,americas,america,,,un_latin_america_and_the_caribbean,un_not_least_developed,unhcr_americas,,
mus,g77,upper_middle_income,TRUE,MU,MU,MUS,480,,coastline,-20.3,57.58333,,Mauritius,TRUE,africa,sub_saharan_africa,ssa,middle_income,un_sub_saharan_africa,un_not_least_developed,unhcr_southern_africa,rest,258300
mwi,g77,low_income,TRUE,MW,MW,MWI,454,,landlocked,-13.5,34.0,christian,Malawi,TRUE,africa,sub_saharan_africa,ssa,low_income,un_sub_saharan_africa,un_least_developed,unhcr_southern_africa,rest,10170057
mys,g77,upper_middle_income,TRUE,MY,MY,MYS,458,,coastline,2.5,112.5,muslim,Malaysia,TRUE,asia,east_asia_pacific,eap,middle_income,un_eastern_and_south_eastern_asia,un_not_least_developed,unhcr_asia_pacific,rest,6983224
myt,others,,TRUE,YT,YT,MYT,175,,coastline,-12.83333,45.16667,muslim,Mayotte,FALSE,africa,sub_saharan_africa,,,un_sub_saharan_africa,un_not_least_developed,,,
nam,g77,upper_middle_income,TRUE,,,NAM,516,,coastline,-22.0,17.0,christian,Namibia,TRUE,africa,sub_saharan_africa,ssa,middle_income,un_sub_saharan_africa,un_not_least_developed,unhcr_southern_africa,rest,592392
ncl,others,high_income,TRUE,NC,NC,NCL,540,,coastline,-21.5,165.5,christian,New Caledonia,FALSE,asia,east_asia_pacific,,high_income,un_oceania_exc_australia_and_new_zealand,un_not_least_developed,unhcr_asia_pacific,,
ner,g77,low_income,TRUE,NE,NE,NER,562,,landlocked,18.0,9.0,muslim,Niger,TRUE,africa,sub_saharan_africa,ssa,low_income,un_sub_saharan_africa,un_least_developed,unhcr_west_central_africa,rest,33381474
nfk,others,,TRUE,NF,NF,NFK,574,,coastline,-29.03333,167.95,,Norfolk Island,FALSE,asia,east_asia_pacific,,,un_australia_and_new_zealand,un_not_least_developed,,,
nga,g77,lower_middle_income,TRUE,NG,NG,NGA,566,,coastline,10.0,8.0,,Nigeria,TRUE,africa,sub_saharan_africa,ssa,middle_income,un_sub_saharan_africa,un_not_least_developed,unhcr_west_central_africa,rest,91142049
ngokar,others,,TRUE,,,,,,,,,,Ngorno-Karabakh,FALSE,europe,europe_central_asia,,,,,,,
nic,g77,lower_middle_income,TRUE,NI,NI,NIC,558,,coastline,13.0,-85.0,christian,Nicaragua,TRUE,americas,america,lac,middle_income,un_latin_america_and_the_caribbean,un_not_least_developed,unhcr_americas,rest,1548843
niu,others,,TRUE,NU,NU,NIU,570,,coastline,-19.03333,-169.86667,christian,Niue,FALSE,asia,east_asia_pacific,,,un_oceania_exc_australia_and_new_zealand,un_not_least_developed,unhcr_asia_pacific,,
nld,oecd,high_income,TRUE,NL,NL,NLD,528,,coastline,52.25,5.75,christian,Netherlands,TRUE,europe,europe_central_asia,eca,high_income,un_europe_and_northern_america,un_not_least_developed,unhcr_europe,west,4779860
nld_curacao,others,high_income,TRUE,CW,CW,CUW,531,,coastline,12.16667,-68.96667,christian,Curaçao,FALSE,americas,america,,high_income,un_latin_america_and_the_caribbean,un_not_least_developed,unhcr_americas,,
nor,oecd,high_income,TRUE,NO,NO,NOR,578,,coastline,62.0,10.0,christian,Norway,TRUE,europe,europe_central_asia,eca,high_income,un_europe_and_northern_america,un_not_least_developed,unhcr_europe,west,1499243
npl,g77,low_income,TRUE,NP,NP,NPL,524,,landlocked,28.0,84.0,eastern_religions,Nepal,TRUE,asia,south_asia,sa,low_income,un_central_and_southern_asia,un_least_developed,unhcr_asia_pacific,rest,7909464
nru,others,upper_middle_income,TRUE,NR,NR,NRU,520,,coastline,-0.517,166.933,christian,Nauru,TRUE,asia,east_asia_pacific,eap,middle_income,un_oceania_exc_australia_and_new_zealand,un_not_least_developed,unhcr_asia_pacific,rest,2602
nzl,oecd,high_income,TRUE,NZ,NZ,NZL,554,,coastline,-42.0,174.0,christian,New Zealand,TRUE,asia,east_asia_pacific,eap,high_income,un_australia_and_new_zealand,un_not_least_developed,unhcr_asia_pacific,west,1279740
omn,g77,high_income,TRUE,OM,OM,OMN,512,,coastline,21.0,57.0,muslim,Oman,TRUE,asia,middle_east_north_africa,mena,high_income,un_northern_africa_and_western_asia,un_not_least_developed,unhcr_middle_east_north_africa,rest,1405979
pak,g77,lower_middle_income,TRUE,PK,PK,PAK,586,,coastline,30.0,70.0,muslim,Pakistan,TRUE,asia,south_asia,sa,middle_income,un_central_and_southern_asia,un_not_least_developed,unhcr_asia_pacific,rest,109207770
pan,g77,high_income,TRUE,PA,PA,PAN,591,,coastline,8.9936,-79.51973,christian,Panama,TRUE,americas,america,lac,high_income,un_latin_america_and_the_caribbean,un_not_least_developed,unhcr_americas,rest,922312
pcn,others,,TRUE,PN,PN,PCN,612,,coastline,-25.06667,-130.1,christian,Pitcairn,FALSE,asia,east_asia_pacific,,,un_oceania_exc_australia_and_new_zealand,un_not_least_developed,,,
per,g77,upper_middle_income,TRUE,PE,PE,PER,604,,coastline,-10.0,-75.25,christian,Peru,TRUE,americas,america,lac,middle_income,un_latin_america_and_the_caribbean,un_not_least_developed,unhcr_americas,rest,7448467
phl,g77,lower_middle_income,TRUE,PH,PH,PHL,608,,coastline,13.0,122.0,christian,Philippines,TRUE,asia,east_asia_pacific,eap,middle_income,un_eastern_and_south_eastern_asia,un_not_least_developed,unhcr_asia_pacific,rest,33204611
plw,others,high_income,TRUE,PW,PW,PLW,585,,coastline,7.503,134.621,christian,Palau,TRUE,asia,east_asia_pacific,eap,high_income,un_oceania_exc_australia_and_new_zealand,un_not_least_developed,unhcr_asia_pacific,rest,3237
png,g77,lower_middle_income,TRUE,PG,PG,PNG,598,,coastline,-6.0,147.0,christian,Papua New Guinea,TRUE,asia,east_asia_pacific,eap,middle_income,un_oceania_exc_australia_and_new_zealand,un_not_least_developed,unhcr_asia_pacific,rest,2723469
pol,oecd,high_income,TRUE,PL,PL,POL,616,,coastline,52.0,20.0,christian,Poland,TRUE,europe,europe_central_asia,eca,high_income,un_europe_and_northern_america,un_not_least_developed,unhcr_europe,rest,9761678
pri,others,high_income,TRUE,PR,PR,PRI,630,,coastline,18.46633,-66.10572,christian,Puerto Rico,FALSE,americas,america,,high_income,un_latin_america_and_the_caribbean,un_not_least_developed,unhcr_americas,,
prk,g77,low_income,TRUE,KP,KP,PRK,408,,coastline,40.0,127.0,,North Korea,TRUE,asia,east_asia_pacific,eap,low_income,un_eastern_and_south_eastern_asia,un_not_least_developed,unhcr_asia_pacific,rest,4415266
prt,oecd,high_income,TRUE,PT,PT,PRT,620,,coastline,39.6945,-8.13057,christian,Portugal,TRUE,europe,europe_central_asia,eca,high_income,un_europe_and_northern_america,un_not_least_developed,unhcr_europe,west,2218850
pry,g77,upper_middle_income,TRUE,PY,PY,PRY,600,,landlocked,-23.33333,-58.0,christian,Paraguay,TRUE,americas,america,lac,middle_income,un_latin_america_and_the_caribbean,un_not_least_developed,unhcr_americas,rest,1397254
pse,g77,lower_middle_income,TRUE,PS,PS,PSE,275,,coastline,31.92157,35.20329,muslim,Palestine,TRUE,asia,middle_east_north_africa,mena,middle_income,un_northern_africa_and_western_asia,un_not_least_developed,unhcr_middle_east_north_africa,rest,2273221
pse_gaza,,,TRUE,,,,,,,,,,Gaza Strip,FALSE,asia,,,,,,,,
pse_west_bank,,,TRUE,,,,,,,,,,West Bank,FALSE,asia,,,,,,,,
pyf,others,high_income,TRUE,PF,PF,PYF,258,,coastline,-15.0,-140.0,christian,French Polynesia,FALSE,asia,east_asia_pacific,,high_income,un_oceania_exc_australia_and_new_zealand,un_not_least_developed,unhcr_asia_pacific,,
qat,g77,high_income,TRUE,QA,QA,QAT,634,,coastline,25.27932,51.52245,muslim,Qatar,TRUE,asia,middle_east_north_africa,mena,high_income,un_northern_africa_and_western_asia,un_not_least_developed,unhcr_middle_east_north_africa,rest,780172
reu,others,,TRUE,RE,RE,REU,638,,coastline,-20.88231,55.4504,christian,Reunion,FALSE,africa,sub_saharan_africa,,,un_sub_saharan_africa,un_not_least_developed,,,
rou,others,upper_middle_income,TRUE,RO,RO,ROU,642,,coastline,46.0,25.0,christian,Romania,TRUE,europe,europe_central_asia,eca,middle_income,un_europe_and_northern_america,un_not_least_developed,unhcr_europe,rest,6257450
rus,others,upper_middle_income,TRUE,RU,RU,RUS,643,,coastline,60.0,100.0,christian,Russia,TRUE,europe,europe_central_asia,eca,middle_income,un_europe_and_northern_america,un_not_least_developed,unhcr_europe,rest,28306892
rwa,g77,low_income,TRUE,RW,RW,RWA,646,,landlocked,-2.0,30.0,christian,Rwanda,TRUE,africa,sub_saharan_africa,ssa,low_income,un_sub_saharan_africa,un_least_developed,unhcr_east_horn_africa_great_lates,rest,5862852
sau,g77,high_income,TRUE,SA,SA,SAU,682,,coastline,25.0,45.0,muslim,Saudi Arabia,TRUE,asia,middle_east_north_africa,mena,high_income,un_northern_africa_and_western_asia,un_not_least_developed,unhcr_middle_east_north_africa,rest,9072881
scg,others,,TRUE,,,,,,coastline,,,,Serbia and Montenegro,FALSE,europe,europe_central_asia,,,un_europe_and_northern_america,un_not_least_developed,,,
scg_ex_kos,others,,TRUE,,,,,,landlocked,,,,Serbia excluding Kosovo,FALSE,europe,europe_central_asia,,,,,,,
sdn,g77,lower_middle_income,TRUE,SD,SD,SDN,729,,coastline,16.0,30.0,muslim,Sudan,TRUE,africa,sub_saharan_africa,ssa,middle_income,un_northern_africa_and_western_asia,un_least_developed,unhcr_east_horn_africa_great_lates,rest,26814925
sen,g77,lower_middle_income,TRUE,SN,SN,SEN,686,,coastline,14.5,-14.25,muslim,Senegal,TRUE,africa,sub_saharan_africa,ssa,middle_income,un_sub_saharan_africa,un_least_developed,unhcr_west_central_africa,rest,11375550
sgero_a_ssandw,,,TRUE,GS,GS,SGS,239,,,,,,South Georgia and the South Sandwich Islands,FALSE,americas,,,,un_latin_america_and_the_caribbean,un_not_least_developed,,,
sgp,g77,high_income,TRUE,SG,SG,SGP,702,,coastline,1.28967,103.85007,eastern_religions,Singapore,TRUE,asia,east_asia_pacific,eap,high_income,un_eastern_and_south_eastern_asia,un_not_least_developed,unhcr_asia_pacific,rest,1123899
shn,others,,TRUE,SH,SH,SHN,654,,coastline,-15.95,-5.7,christian,St. Helena,FALSE,africa,sub_saharan_africa,,,un_sub_saharan_africa,un_not_least_developed,,,
sjm,others,,TRUE,SJ,SJ,SJM,744,,coastline,78.0,20.0,,Svalbard,FALSE,europe,europe_central_asia,,,un_europe_and_northern_america,un_not_least_developed,,,
slb,g77,lower_middle_income,TRUE,SB,SB,SLB,90,,coastline,-8.0,159.0,christian,Solomon Islands,TRUE,asia,east_asia_pacific,eap,middle_income,un_oceania_exc_australia_and_new_zealand,un_least_developed,unhcr_asia_pacific,rest,370229
sle,g77,low_income,TRUE,SL,SL,SLE,694,,coastline,8.5,-11.5,,Sierra Leone,TRUE,africa,sub_saharan_africa,ssa,low_income,un_sub_saharan_africa,un_least_developed,unhcr_west_central_africa,rest,3386003
slv,g77,lower_middle_income,TRUE,SV,SV,SLV,222,,coastline,13.83333,-88.91667,christian,El Salvador,TRUE,americas,america,lac,middle_income,un_latin_america_and_the_caribbean,un_not_least_developed,unhcr_americas,rest,1098332
smr,others,high_income,TRUE,SM,SM,SMR,674,,landlocked,43.93667,12.44639,christian,San Marino,TRUE,europe,europe_central_asia,eca,high_income,un_europe_and_northern_america,un_not_least_developed,unhcr_europe,rest,
som,g77,low_income,TRUE,SO,SO,SOM,706,,coastline,6.0,48.0,muslim,Somalia,TRUE,africa,sub_saharan_africa,ssa,low_income,un_sub_saharan_africa,un_least_developed,unhcr_east_horn_africa_great_lates,rest,11239388
som_somland,others,,TRUE,,,,,,,,,,Somaliland,FALSE,africa,sub_saharan_africa,,,,,,,
sosset,others,,TRUE,,,,,,,,,,South Ossetia,FALSE,europe,europe_central_asia,,,,,,,
spm,others,,TRUE,PM,PM,SPM,666,,coastline,46.83333,-56.33333,christian,St.-Pierre-et-Miquelon,FALSE,americas,america,,,un_europe_and_northern_america,un_not_least_developed,unhcr_americas,,
srb,others,upper_middle_income,TRUE,RS,RS,SRB,688,,landlocked,44.81892,20.45998,christian,Serbia,TRUE,europe,europe_central_asia,eca,middle_income,un_europe_and_northern_america,un_not_least_developed,unhcr_europe,rest,1825863
ssd,,low_income,TRUE,SS,SS,SSD,728,,landlocked,7.5,30.0,,South Sudan,TRUE,africa,sub_saharan_africa,ssa,low_income,un_sub_saharan_africa,un_least_developed,unhcr_east_horn_africa_great_lates,rest,3562326
stbar,others,,TRUE,BL,BL,BLM,652,,coastline,,,,St. Barthélemy,FALSE,americas,america,,,un_latin_america_and_the_caribbean,un_not_least_developed,,,
stmar,others,,TRUE,,,,,,coastline,,,,St. Martin,FALSE,americas,america,,,,,,,
stp,g77,lower_middle_income,TRUE,ST,ST,STP,678,,coastline,1.0,7.0,christian,Sao Tome and Principe,TRUE,africa,sub_saharan_africa,ssa,middle_income,un_sub_saharan_africa,un_least_developed,unhcr_west_central_africa,rest,93269
sur,g77,upper_middle_income,TRUE,SR,SR,SUR,740,,coastline,4.0,-56.0,christian,Suriname,TRUE,americas,america,lac,middle_income,un_latin_america_and_the_caribbean,un_not_least_developed,unhcr_americas,rest,139570
svk,oecd,high_income,TRUE,SK,SK,SVK,703,,landlocked,48.66667,19.5,christian,Slovak Republic,TRUE,europe,europe_central_asia,eca,high_income,un_europe_and_northern_america,un_not_least_developed,unhcr_europe,rest,1743229
svn,others,high_income,TRUE,SI,SI,SVN,705,,coastline,46.08333,15.0,christian,Slovenia,TRUE,europe,europe_central_asia,eca,high_income,un_europe_and_northern_america,un_not_least_developed,unhcr_europe,rest,583651
swe,oecd,high_income,TRUE,SE,SE,SWE,752,,coastline,62.0,15.0,christian,Sweden,TRUE,europe,europe_central_asia,eca,high_income,un_europe_and_northern_america,un_not_least_developed,unhcr_europe,west,2680301
swz,g77,lower_middle_income,TRUE,SZ,SZ,SWZ,748,,landlocked,-26.5,31.5,christian,Eswatini,TRUE,africa,sub_saharan_africa,ssa,middle_income,un_sub_saharan_africa,un_not_least_developed,unhcr_southern_africa,rest,274838
sxm,,high_income,TRUE,SX,SX,SXM,534,,,18.04167,-63.06667,,Sint Maarten (Dutch part),FALSE,americas,,,high_income,un_latin_america_and_the_caribbean,un_not_least_developed,unhcr_americas,,
syc,g77,high_income,TRUE,SC,SC,SYC,690,,coastline,-4.58333,55.66667,christian,Seychelles,TRUE,africa,sub_saharan_africa,ssa,high_income,un_sub_saharan_africa,un_not_least_developed,unhcr_southern_africa,rest,21953
syr,g77,low_income,TRUE,SY,SY,SYR,760,,coastline,35.0,38.0,muslim,Syria,TRUE,asia,middle_east_north_africa,mena,low_income,un_northern_africa_and_western_asia,un_not_least_developed,unhcr_middle_east_north_africa,rest,9474524
tca,others,high_income,TRUE,TC,TC,TCA,796,,coastline,21.73333,-71.58333,christian,Turks and Caicos Islands,FALSE,americas,america,,high_income,un_latin_america_and_the_caribbean,un_not_least_developed,unhcr_americas,,
tcd,g77,low_income,TRUE,TD,TD,TCD,148,,landlocked,15.0,19.0,muslim,Chad,TRUE,africa,sub_saharan_africa,ssa,low_income,un_sub_saharan_africa,un_least_developed,unhcr_west_central_africa,rest,12482483
tgo,g77,low_income,TRUE,TG,TG,TGO,768,,coastline,8.66667,1.08333,,Togo,TRUE,africa,sub_saharan_africa,ssa,low_income,un_sub_saharan_africa,un_least_developed,unhcr_west_central_africa,rest,4881286
tha,g77,upper_middle_income,TRUE,TH,TH,THA,764,,coastline,15.5,101.0,eastern_religions,Thailand,TRUE,asia,east_asia_pacific,eap,middle_income,un_eastern_and_south_eastern_asia,un_not_least_developed,unhcr_asia_pacific,rest,13004513
tjk,others,low_income,TRUE,TJ,TJ,TJK,762,,landlocked,39.0,71.0,muslim,Tajikistan,TRUE,asia,europe_central_asia,eca,low_income,un_central_and_southern_asia,un_not_least_developed,unhcr_asia_pacific,rest,3591779
tkl,others,,TRUE,TK,TK,TKL,772,,coastline,-9.167,-171.83,christian,Tokelau,FALSE,asia,east_asia_pacific,,,un_oceania_exc_australia_and_new_zealand,un_not_least_developed,,,
tkm,g77,upper_middle_income,TRUE,TM,TM,TKM,795,,landlocked,39.75,59.66667,muslim,Turkmenistan,TRUE,asia,europe_central_asia,eca,middle_income,un_central_and_southern_asia,un_not_least_developed,unhcr_asia_pacific,rest,1548879
tls,g77,lower_middle_income,TRUE,TL,TL,TLS,626,,coastline,-8.83333,125.75,christian,Timor-Leste,TRUE,asia,east_asia_pacific,eap,middle_income,un_eastern_and_south_eastern_asia,un_least_developed,unhcr_asia_pacific,rest,440086
ton,g77,upper_middle_income,TRUE,TO,TO,TON,776,,coastline,-20.0,-175.0,christian,Tonga,TRUE,asia,east_asia_pacific,eap,middle_income,un_oceania_exc_australia_and_new_zealand,un_not_least_developed,unhcr_asia_pacific,rest,31980
transn,others,,TRUE,,,,,,,,,,Transnistria,FALSE,europe,europe_central_asia,,,,,,,
tto,g77,high_income,TRUE,TT,TT,TTO,780,,coastline,11.0,-61.0,christian,Trinidad and Tobago,TRUE,americas,america,lac,high_income,un_latin_america_and_the_caribbean,un_not_least_developed,unhcr_americas,rest,240757
tun,g77,lower_middle_income,TRUE,TN,TN,TUN,788,,coastline,34.0,9.0,muslim,Tunisia,TRUE,africa,middle_east_north_africa,mena,middle_income,un_northern_africa_and_western_asia,un_not_least_developed,unhcr_middle_east_north_africa,rest,2891862
tur,oecd,upper_middle_income,TRUE,TR,TR,TUR,792,,coastline,39.0,35.0,muslim,Turkey,TRUE,europe,europe_central_asia,eca,middle_income,un_northern_africa_and_western_asia,un_not_least_developed,unhcr_europe,rest,14336059
tuv,others,upper_middle_income,TRUE,TV,TV,TUV,798,,coastline,-8.51719,179.14478,christian,Tuvalu,TRUE,asia,east_asia_pacific,eap,middle_income,un_oceania_exc_australia_and_new_zealand,un_least_developed,unhcr_asia_pacific,rest,2666
twn,others,high_income,TRUE,TW,TW,TWN,158,,coastline,24.0,121.0,eastern_religions,Taiwan,FALSE,asia,east_asia_pacific,,high_income,un_eastern_and_south_eastern_asia,un_not_least_developed,,,5155227
tza,g77,low_income,TRUE,TZ,TZ,TZA,834,,coastline,-6.0,35.0,christian,Tanzania,TRUE,africa,sub_saharan_africa,ssa,low_income,un_sub_saharan_africa,un_least_developed,unhcr_east_horn_africa_great_lates,rest,42997832
uga,g77,low_income,TRUE,UG,UG,UGA,800,,landlocked,1.25,32.5,christian,Uganda,TRUE,africa,sub_saharan_africa,ssa,low_income,un_sub_saharan_africa,un_least_developed,unhcr_east_horn_africa_great_lates,rest,22391448
ukr,others,lower_middle_income,TRUE,UA,UA,UKR,804,,coastline,49.0,32.0,christian,Ukraine,TRUE,europe,europe_central_asia,eca,middle_income,un_europe_and_northern_america,un_not_least_developed,unhcr_europe,rest,12468525
ury,g77,high_income,TRUE,UY,UY,URY,858,,coastline,-33.0,-56.0,christian,Uruguay,TRUE,americas,america,lac,high_income,un_latin_america_and_the_caribbean,un_not_least_developed,unhcr_americas,rest,537196
usa,oecd,high_income,TRUE,US,US,USA,840,,coastline,39.76,-98.5,christian,USA,TRUE,americas,america,na,high_income,un_europe_and_northern_america,un_not_least_developed,unhcr_americas,west,63720242
usa_minor_out_isl,,,TRUE,UM,UM,UMI,581,US-UM,,,,,US Minor Outlying Islands,FALSE,americas,,,,un_oceania_exc_australia_and_new_zealand,un_not_least_developed,,,
ussr,others,,TRUE,,,,,,coastline,,,,USSR,FALSE,europe,europe_central_asia,,,,,,,
uzb,others,lower_middle_income,TRUE,UZ,UZ,UZB,860,,landlocked,41.66667,63.83333,muslim,Uzbekistan,TRUE,asia,europe_central_asia,eca,middle_income,un_central_and_southern_asia,un_not_least_developed,unhcr_asia_pacific,rest,9776332
vct,g77,upper_middle_income,TRUE,VC,VC,VCT,670,,coastline,13.08333,-61.2,christian,St. Vincent and the Grenadines,TRUE,americas,america,lac,middle_income,un_latin_america_and_the_caribbean,un_not_least_developed,unhcr_americas,rest,19960
ven,g77,upper_middle_income,TRUE,VE,VE,VEN,862,,coastline,8.0,-66.0,christian,Venezuela,TRUE,americas,america,lac,middle_income,un_latin_america_and_the_caribbean,un_not_least_developed,unhcr_americas,rest,5389324
vgb,others,high_income,TRUE,VG,VG,VGB,92,,coastline,18.5,-64.5,christian,British Virgin Islands,FALSE,americas,america,,high_income,un_latin_america_and_the_caribbean,un_not_least_developed,unhcr_americas,,
vir,others,high_income,TRUE,VI,VI,VIR,850,,coastline,18.34829,-64.98348,christian,Virgin Islands (U.S.),FALSE,americas,america,,high_income,un_latin_america_and_the_caribbean,un_not_least_developed,,,
vnm,g77,lower_middle_income,TRUE,VN,VN,VNM,704,,coastline,16.16667,107.83333,eastern_religions,Vietnam,TRUE,asia,east_asia_pacific,eap,middle_income,un_eastern_and_south_eastern_asia,un_not_least_developed,unhcr_asia_pacific,rest,20064731
vut,g77,lower_middle_income,TRUE,VU,VU,VUT,548,,coastline,-16.0,167.0,christian,Vanuatu,TRUE,asia,east_asia_pacific,eap,middle_income,un_oceania_exc_australia_and_new_zealand,un_least_developed,unhcr_asia_pacific,rest,189860
wlf,others,,TRUE,WF,WF,WLF,876,,coastline,-13.3,-176.2,christian,Wallis et Futuna,FALSE,asia,east_asia_pacific,,,un_oceania_exc_australia_and_new_zealand,un_not_least_developed,,,
wsm,g77,upper_middle_income,TRUE,WS,WS,WSM,882,,coastline,-13.8,-172.13333,christian,Samoa,TRUE,asia,east_asia_pacific,eap,middle_income,un_oceania_exc_australia_and_new_zealand,un_not_least_developed,unhcr_asia_pacific,rest,83870
yem,g77,low_income,TRUE,YE,YE,YEM,887,,coastline,15.5,47.5,muslim,Yemen,TRUE,asia,middle_east_north_africa,mena,low_income,un_northern_africa_and_western_asia,un_least_developed,unhcr_middle_east_north_africa,rest,13695515
yem_north,others,,TRUE,,,,,,coastline,,,,North Yemen (former),FALSE,asia,middle_east_north_africa,,,,,,,
yem_south,others,,TRUE,,,,,,coastline,,,,South Yemen (former),FALSE,asia,middle_east_north_africa,,,,,,,
yug,others,,TRUE,,,,,,coastline,,,,Yugoslavia,FALSE,europe,europe_central_asia,,,,,,,
zaf,g77,upper_middle_income,TRUE,ZA,ZA,ZAF,710,,coastline,-29.0,24.0,christian,South Africa,TRUE,africa,sub_saharan_africa,ssa,middle_income,un_sub_saharan_africa,un_not_least_developed,unhcr_southern_africa,rest,8512749
zmb,g77,lower_middle_income,TRUE,ZM,ZM,ZMB,894,,landlocked,-14.33333,28.5,christian,Zambia,TRUE,africa,sub_saharan_africa,ssa,middle_income,un_sub_saharan_africa,un_least_developed,unhcr_southern_africa,rest,8175624
zwe,g77,lower_middle_income,TRUE,ZW,ZW,ZWE,716,,landlocked,-19.0,29.75,christian,Zimbabwe,TRUE,africa,sub_saharan_africa,ssa,middle_income,un_sub_saharan_africa,un_not_least_developed,unhcr_southern_africa,rest,5166321
