country,year
ago,1981
ago,1982
ago,1983
ago,1984
ago,1985
ago,1986
ago,1987
ago,1988
ago,1989
ago,1990
ago,1991
ago,1992
ago,1993
ago,1994
ago,1995
ago,1996
ago,1997
ago,1998
ago,1999
ago,2000
ago,2001
ago,2002
ago,2003
ago,2004
ago,2005
ago,2006
ago,2007
ago,2008
ago,2009
ago,2010
ago,2011
ago,2012
ago,2013
ago,2014
ago,2015
ago,2016
ago,2017
ago,2018
ago,2019
alb,1981
alb,1982
alb,1983
alb,1984
alb,1985
alb,1986
alb,1987
alb,1988
alb,1989
alb,1990
alb,1991
alb,1992
alb,1993
alb,1994
alb,1995
alb,1996
alb,1997
alb,1998
alb,1999
alb,2000
alb,2001
alb,2002
alb,2003
alb,2004
alb,2005
alb,2006
alb,2007
alb,2008
alb,2009
alb,2010
alb,2011
alb,2012
alb,2013
alb,2014
alb,2015
alb,2016
alb,2017
alb,2018
alb,2019
are,1981
are,1982
are,1983
are,1984
are,1985
are,1986
are,1987
are,1988
are,1989
are,1990
are,1991
are,1992
are,1993
are,1994
are,1995
are,1996
are,1997
are,1998
are,1999
are,2000
are,2001
are,2002
are,2003
are,2004
are,2005
are,2006
are,2007
are,2008
are,2009
are,2010
are,2011
are,2012
are,2013
are,2014
are,2015
are,2016
are,2017
are,2018
are,2019
arg,1981
arg,1982
arg,1983
arg,1984
arg,1985
arg,1986
arg,1987
arg,1988
arg,1989
arg,1990
arg,1991
arg,1992
arg,1993
arg,1994
arg,1995
arg,1996
arg,1997
arg,1998
arg,1999
arg,2000
arg,2001
arg,2002
arg,2003
arg,2004
arg,2005
arg,2006
arg,2007
arg,2008
arg,2009
arg,2010
arg,2011
arg,2012
arg,2013
arg,2014
arg,2015
arg,2016
arg,2017
arg,2018
arg,2019
arm,1981
arm,1982
arm,1983
arm,1984
arm,1985
arm,1986
arm,1987
arm,1988
arm,1989
arm,1990
arm,1991
arm,1992
arm,1993
arm,1994
arm,1995
arm,1996
arm,1997
arm,1998
arm,1999
arm,2000
arm,2001
arm,2002
arm,2003
arm,2004
arm,2005
arm,2006
arm,2007
arm,2008
arm,2009
arm,2010
arm,2011
arm,2012
arm,2013
arm,2014
arm,2015
arm,2016
arm,2017
arm,2018
arm,2019
aus,1981
aus,1982
aus,1983
aus,1984
aus,1985
aus,1986
aus,1987
aus,1988
aus,1989
aus,1990
aus,1991
aus,1992
aus,1993
aus,1994
aus,1995
aus,1996
aus,1997
aus,1998
aus,1999
aus,2000
aus,2001
aus,2002
aus,2003
aus,2004
aus,2005
aus,2006
aus,2007
aus,2008
aus,2009
aus,2010
aus,2011
aus,2012
aus,2013
aus,2014
aus,2015
aus,2016
aus,2017
aus,2018
aus,2019
aut,1981
aut,1982
aut,1983
aut,1984
aut,1985
aut,1986
aut,1987
aut,1988
aut,1989
aut,1990
aut,1991
aut,1992
aut,1993
aut,1994
aut,1995
aut,1996
aut,1997
aut,1998
aut,1999
aut,2000
aut,2001
aut,2002
aut,2003
aut,2004
aut,2005
aut,2006
aut,2007
aut,2008
aut,2009
aut,2010
aut,2011
aut,2012
aut,2013
aut,2014
aut,2015
aut,2016
aut,2017
aut,2018
aut,2019
aze,1981
aze,1982
aze,1983
aze,1984
aze,1985
aze,1986
aze,1987
aze,1988
aze,1989
aze,1990
aze,1991
aze,1992
aze,1993
aze,1994
aze,1995
aze,1996
aze,1997
aze,1998
aze,1999
aze,2000
aze,2001
aze,2002
aze,2003
aze,2004
aze,2005
aze,2006
aze,2007
aze,2008
aze,2009
aze,2010
aze,2011
aze,2012
aze,2013
aze,2014
aze,2015
aze,2016
aze,2017
aze,2018
aze,2019
bdi,1981
bdi,1982
bdi,1983
bdi,1984
bdi,1985
bdi,1986
bdi,1987
bdi,1988
bdi,1989
bdi,1990
bdi,1991
bdi,1992
bdi,1993
bdi,1994
bdi,1995
bdi,1996
bdi,1997
bdi,1998
bdi,1999
bdi,2000
bdi,2001
bdi,2002
bdi,2003
bdi,2004
bdi,2005
bdi,2006
bdi,2007
bdi,2008
bdi,2009
bdi,2010
bdi,2011
bdi,2012
bdi,2013
bdi,2014
bdi,2015
bdi,2016
bdi,2017
bdi,2018
bdi,2019
bel,1981
bel,1982
bel,1983
bel,1984
bel,1985
bel,1986
bel,1987
bel,1988
bel,1989
bel,1990
bel,1991
bel,1992
bel,1993
bel,1994
bel,1995
bel,1996
bel,1997
bel,1998
bel,1999
bel,2000
bel,2001
bel,2002
bel,2003
bel,2004
bel,2005
bel,2006
bel,2007
bel,2008
bel,2009
bel,2010
bel,2011
bel,2012
bel,2013
bel,2014
bel,2015
bel,2016
bel,2017
bel,2018
bel,2019
ben,1981
ben,1982
ben,1983
ben,1984
ben,1985
ben,1986
ben,1987
ben,1988
ben,1989
ben,1990
ben,1991
ben,1992
ben,1993
ben,1994
ben,1995
ben,1996
ben,1997
ben,1998
ben,1999
ben,2000
ben,2001
ben,2002
ben,2003
ben,2004
ben,2005
ben,2006
ben,2007
ben,2008
ben,2009
ben,2010
ben,2011
ben,2012
ben,2013
ben,2014
ben,2015
ben,2016
ben,2017
ben,2018
ben,2019
bfa,1981
bfa,1982
bfa,1983
bfa,1984
bfa,1985
bfa,1986
bfa,1987
bfa,1988
bfa,1989
bfa,1990
bfa,1991
bfa,1992
bfa,1993
bfa,1994
bfa,1995
bfa,1996
bfa,1997
bfa,1998
bfa,1999
bfa,2000
bfa,2001
bfa,2002
bfa,2003
bfa,2004
bfa,2005
bfa,2006
bfa,2007
bfa,2008
bfa,2009
bfa,2010
bfa,2011
bfa,2012
bfa,2013
bfa,2014
bfa,2015
bfa,2016
bfa,2017
bfa,2018
bfa,2019
bgd,1981
bgd,1982
bgd,1983
bgd,1984
bgd,1985
bgd,1986
bgd,1987
bgd,1988
bgd,1989
bgd,1990
bgd,1991
bgd,1992
bgd,1993
bgd,1994
bgd,1995
bgd,1996
bgd,1997
bgd,1998
bgd,1999
bgd,2000
bgd,2001
bgd,2002
bgd,2003
bgd,2004
bgd,2005
bgd,2006
bgd,2007
bgd,2008
bgd,2009
bgd,2010
bgd,2011
bgd,2012
bgd,2013
bgd,2014
bgd,2015
bgd,2016
bgd,2017
bgd,2018
bgd,2019
bgr,1981
bgr,1982
bgr,1983
bgr,1984
bgr,1985
bgr,1986
bgr,1987
bgr,1988
bgr,1989
bgr,1990
bgr,1991
bgr,1992
bgr,1993
bgr,1994
bgr,1995
bgr,1996
bgr,1997
bgr,1998
bgr,1999
bgr,2000
bgr,2001
bgr,2002
bgr,2003
bgr,2004
bgr,2005
bgr,2006
bgr,2007
bgr,2008
bgr,2009
bgr,2010
bgr,2011
bgr,2012
bgr,2013
bgr,2014
bgr,2015
bgr,2016
bgr,2017
bgr,2018
bgr,2019
bih,1981
bih,1982
bih,1983
bih,1984
bih,1985
bih,1986
bih,1987
bih,1988
bih,1989
bih,1990
bih,1991
bih,1992
bih,1993
bih,1994
bih,1995
bih,1996
bih,1997
bih,1998
bih,1999
bih,2000
bih,2001
bih,2002
bih,2003
bih,2004
bih,2005
bih,2006
bih,2007
bih,2008
bih,2009
bih,2010
bih,2011
bih,2012
bih,2013
bih,2014
bih,2015
bih,2016
bih,2017
bih,2018
bih,2019
blr,1981
blr,1982
blr,1983
blr,1984
blr,1985
blr,1986
blr,1987
blr,1988
blr,1989
blr,1990
blr,1991
blr,1992
blr,1993
blr,1994
blr,1995
blr,1996
blr,1997
blr,1998
blr,1999
blr,2000
blr,2001
blr,2002
blr,2003
blr,2004
blr,2005
blr,2006
blr,2007
blr,2008
blr,2009
blr,2010
blr,2011
blr,2012
blr,2013
blr,2014
blr,2015
blr,2016
blr,2017
blr,2018
blr,2019
blz,1981
blz,1982
blz,1983
blz,1984
blz,1985
blz,1986
blz,1987
blz,1988
blz,1989
blz,1990
blz,1991
blz,1992
blz,1993
blz,1994
blz,1995
blz,1996
blz,1997
blz,1998
blz,1999
blz,2000
blz,2001
blz,2002
blz,2003
blz,2004
blz,2005
blz,2006
blz,2007
blz,2008
blz,2009
blz,2010
blz,2011
blz,2012
blz,2013
blz,2014
blz,2015
blz,2016
blz,2017
blz,2018
blz,2019
bol,1981
bol,1982
bol,1983
bol,1984
bol,1985
bol,1986
bol,1987
bol,1988
bol,1989
bol,1990
bol,1991
bol,1992
bol,1993
bol,1994
bol,1995
bol,1996
bol,1997
bol,1998
bol,1999
bol,2000
bol,2001
bol,2002
bol,2003
bol,2004
bol,2005
bol,2006
bol,2007
bol,2008
bol,2009
bol,2010
bol,2011
bol,2012
bol,2013
bol,2014
bol,2015
bol,2016
bol,2017
bol,2018
bol,2019
bra,1981
bra,1982
bra,1983
bra,1984
bra,1985
bra,1986
bra,1987
bra,1988
bra,1989
bra,1990
bra,1991
bra,1992
bra,1993
bra,1994
bra,1995
bra,1996
bra,1997
bra,1998
bra,1999
bra,2000
bra,2001
bra,2002
bra,2003
bra,2004
bra,2005
bra,2006
bra,2007
bra,2008
bra,2009
bra,2010
bra,2011
bra,2012
bra,2013
bra,2014
bra,2015
bra,2016
bra,2017
bra,2018
bra,2019
btn,1981
btn,1982
btn,1983
btn,1984
btn,1985
btn,1986
btn,1987
btn,1988
btn,1989
btn,1990
btn,1991
btn,1992
btn,1993
btn,1994
btn,1995
btn,1996
btn,1997
btn,1998
btn,1999
btn,2000
btn,2001
btn,2002
btn,2003
btn,2004
btn,2005
btn,2006
btn,2007
btn,2008
btn,2009
btn,2010
btn,2011
btn,2012
btn,2013
btn,2014
btn,2015
btn,2016
btn,2017
btn,2018
btn,2019
bwa,1981
bwa,1982
bwa,1983
bwa,1984
bwa,1985
bwa,1986
bwa,1987
bwa,1988
bwa,1989
bwa,1990
bwa,1991
bwa,1992
bwa,1993
bwa,1994
bwa,1995
bwa,1996
bwa,1997
bwa,1998
bwa,1999
bwa,2000
bwa,2001
bwa,2002
bwa,2003
bwa,2004
bwa,2005
bwa,2006
bwa,2007
bwa,2008
bwa,2009
bwa,2010
bwa,2011
bwa,2012
bwa,2013
bwa,2014
bwa,2015
bwa,2016
bwa,2017
bwa,2018
bwa,2019
caf,1981
caf,1982
caf,1983
caf,1984
caf,1985
caf,1986
caf,1987
caf,1988
caf,1989
caf,1990
caf,1991
caf,1992
caf,1993
caf,1994
caf,1995
caf,1996
caf,1997
caf,1998
caf,1999
caf,2000
caf,2001
caf,2002
caf,2003
caf,2004
caf,2005
caf,2006
caf,2007
caf,2008
caf,2009
caf,2010
caf,2011
caf,2012
caf,2013
caf,2014
caf,2015
caf,2016
caf,2017
caf,2018
caf,2019
can,1981
can,1982
can,1983
can,1984
can,1985
can,1986
can,1987
can,1988
can,1989
can,1990
can,1991
can,1992
can,1993
can,1994
can,1995
can,1996
can,1997
can,1998
can,1999
can,2000
can,2001
can,2002
can,2003
can,2004
can,2005
can,2006
can,2007
can,2008
can,2009
can,2010
can,2011
can,2012
can,2013
can,2014
can,2015
can,2016
can,2017
can,2018
can,2019
che,1981
che,1982
che,1983
che,1984
che,1985
che,1986
che,1987
che,1988
che,1989
che,1990
che,1991
che,1992
che,1993
che,1994
che,1995
che,1996
che,1997
che,1998
che,1999
che,2000
che,2001
che,2002
che,2003
che,2004
che,2005
che,2006
che,2007
che,2008
che,2009
che,2010
che,2011
che,2012
che,2013
che,2014
che,2015
che,2016
che,2017
che,2018
che,2019
chl,1981
chl,1982
chl,1983
chl,1984
chl,1985
chl,1986
chl,1987
chl,1988
chl,1989
chl,1990
chl,1991
chl,1992
chl,1993
chl,1994
chl,1995
chl,1996
chl,1997
chl,1998
chl,1999
chl,2000
chl,2001
chl,2002
chl,2003
chl,2004
chl,2005
chl,2006
chl,2007
chl,2008
chl,2009
chl,2010
chl,2011
chl,2012
chl,2013
chl,2014
chl,2015
chl,2016
chl,2017
chl,2018
chl,2019
chn,1981
chn,1982
chn,1983
chn,1984
chn,1985
chn,1986
chn,1987
chn,1988
chn,1989
chn,1990
chn,1991
chn,1992
chn,1993
chn,1994
chn,1995
chn,1996
chn,1997
chn,1998
chn,1999
chn,2000
chn,2001
chn,2002
chn,2003
chn,2004
chn,2005
chn,2006
chn,2007
chn,2008
chn,2009
chn,2010
chn,2011
chn,2012
chn,2013
chn,2014
chn,2015
chn,2016
chn,2017
chn,2018
chn,2019
civ,1981
civ,1982
civ,1983
civ,1984
civ,1985
civ,1986
civ,1987
civ,1988
civ,1989
civ,1990
civ,1991
civ,1992
civ,1993
civ,1994
civ,1995
civ,1996
civ,1997
civ,1998
civ,1999
civ,2000
civ,2001
civ,2002
civ,2003
civ,2004
civ,2005
civ,2006
civ,2007
civ,2008
civ,2009
civ,2010
civ,2011
civ,2012
civ,2013
civ,2014
civ,2015
civ,2016
civ,2017
civ,2018
civ,2019
cmr,1981
cmr,1982
cmr,1983
cmr,1984
cmr,1985
cmr,1986
cmr,1987
cmr,1988
cmr,1989
cmr,1990
cmr,1991
cmr,1992
cmr,1993
cmr,1994
cmr,1995
cmr,1996
cmr,1997
cmr,1998
cmr,1999
cmr,2000
cmr,2001
cmr,2002
cmr,2003
cmr,2004
cmr,2005
cmr,2006
cmr,2007
cmr,2008
cmr,2009
cmr,2010
cmr,2011
cmr,2012
cmr,2013
cmr,2014
cmr,2015
cmr,2016
cmr,2017
cmr,2018
cmr,2019
cod,1981
cod,1982
cod,1983
cod,1984
cod,1985
cod,1986
cod,1987
cod,1988
cod,1989
cod,1990
cod,1991
cod,1992
cod,1993
cod,1994
cod,1995
cod,1996
cod,1997
cod,1998
cod,1999
cod,2000
cod,2001
cod,2002
cod,2003
cod,2004
cod,2005
cod,2006
cod,2007
cod,2008
cod,2009
cod,2010
cod,2011
cod,2012
cod,2013
cod,2014
cod,2015
cod,2016
cod,2017
cod,2018
cod,2019
cog,1981
cog,1982
cog,1983
cog,1984
cog,1985
cog,1986
cog,1987
cog,1988
cog,1989
cog,1990
cog,1991
cog,1992
cog,1993
cog,1994
cog,1995
cog,1996
cog,1997
cog,1998
cog,1999
cog,2000
cog,2001
cog,2002
cog,2003
cog,2004
cog,2005
cog,2006
cog,2007
cog,2008
cog,2009
cog,2010
cog,2011
cog,2012
cog,2013
cog,2014
cog,2015
cog,2016
cog,2017
cog,2018
cog,2019
col,1981
col,1982
col,1983
col,1984
col,1985
col,1986
col,1987
col,1988
col,1989
col,1990
col,1991
col,1992
col,1993
col,1994
col,1995
col,1996
col,1997
col,1998
col,1999
col,2000
col,2001
col,2002
col,2003
col,2004
col,2005
col,2006
col,2007
col,2008
col,2009
col,2010
col,2011
col,2012
col,2013
col,2014
col,2015
col,2016
col,2017
col,2018
col,2019
com,1981
com,1982
com,1983
com,1984
com,1985
com,1986
com,1987
com,1988
com,1989
com,1990
com,1991
com,1992
com,1993
com,1994
com,1995
com,1996
com,1997
com,1998
com,1999
com,2000
com,2001
com,2002
com,2003
com,2004
com,2005
com,2006
com,2007
com,2008
com,2009
com,2010
com,2011
com,2012
com,2013
com,2014
com,2015
com,2016
com,2017
com,2018
com,2019
cpv,1981
cpv,1982
cpv,1983
cpv,1984
cpv,1985
cpv,1986
cpv,1987
cpv,1988
cpv,1989
cpv,1990
cpv,1991
cpv,1992
cpv,1993
cpv,1994
cpv,1995
cpv,1996
cpv,1997
cpv,1998
cpv,1999
cpv,2000
cpv,2001
cpv,2002
cpv,2003
cpv,2004
cpv,2005
cpv,2006
cpv,2007
cpv,2008
cpv,2009
cpv,2010
cpv,2011
cpv,2012
cpv,2013
cpv,2014
cpv,2015
cpv,2016
cpv,2017
cpv,2018
cpv,2019
cri,1981
cri,1982
cri,1983
cri,1984
cri,1985
cri,1986
cri,1987
cri,1988
cri,1989
cri,1990
cri,1991
cri,1992
cri,1993
cri,1994
cri,1995
cri,1996
cri,1997
cri,1998
cri,1999
cri,2000
cri,2001
cri,2002
cri,2003
cri,2004
cri,2005
cri,2006
cri,2007
cri,2008
cri,2009
cri,2010
cri,2011
cri,2012
cri,2013
cri,2014
cri,2015
cri,2016
cri,2017
cri,2018
cri,2019
cyp,1981
cyp,1982
cyp,1983
cyp,1984
cyp,1985
cyp,1986
cyp,1987
cyp,1988
cyp,1989
cyp,1990
cyp,1991
cyp,1992
cyp,1993
cyp,1994
cyp,1995
cyp,1996
cyp,1997
cyp,1998
cyp,1999
cyp,2000
cyp,2001
cyp,2002
cyp,2003
cyp,2004
cyp,2005
cyp,2006
cyp,2007
cyp,2008
cyp,2009
cyp,2010
cyp,2011
cyp,2012
cyp,2013
cyp,2014
cyp,2015
cyp,2016
cyp,2017
cyp,2018
cyp,2019
cze,1981
cze,1982
cze,1983
cze,1984
cze,1985
cze,1986
cze,1987
cze,1988
cze,1989
cze,1990
cze,1991
cze,1992
cze,1993
cze,1994
cze,1995
cze,1996
cze,1997
cze,1998
cze,1999
cze,2000
cze,2001
cze,2002
cze,2003
cze,2004
cze,2005
cze,2006
cze,2007
cze,2008
cze,2009
cze,2010
cze,2011
cze,2012
cze,2013
cze,2014
cze,2015
cze,2016
cze,2017
cze,2018
cze,2019
deu,1981
deu,1982
deu,1983
deu,1984
deu,1985
deu,1986
deu,1987
deu,1988
deu,1989
deu,1990
deu,1991
deu,1992
deu,1993
deu,1994
deu,1995
deu,1996
deu,1997
deu,1998
deu,1999
deu,2000
deu,2001
deu,2002
deu,2003
deu,2004
deu,2005
deu,2006
deu,2007
deu,2008
deu,2009
deu,2010
deu,2011
deu,2012
deu,2013
deu,2014
deu,2015
deu,2016
deu,2017
deu,2018
deu,2019
dji,1981
dji,1982
dji,1983
dji,1984
dji,1985
dji,1986
dji,1987
dji,1988
dji,1989
dji,1990
dji,1991
dji,1992
dji,1993
dji,1994
dji,1995
dji,1996
dji,1997
dji,1998
dji,1999
dji,2000
dji,2001
dji,2002
dji,2003
dji,2004
dji,2005
dji,2006
dji,2007
dji,2008
dji,2009
dji,2010
dji,2011
dji,2012
dji,2013
dji,2014
dji,2015
dji,2016
dji,2017
dji,2018
dji,2019
dnk,1981
dnk,1982
dnk,1983
dnk,1984
dnk,1985
dnk,1986
dnk,1987
dnk,1988
dnk,1989
dnk,1990
dnk,1991
dnk,1992
dnk,1993
dnk,1994
dnk,1995
dnk,1996
dnk,1997
dnk,1998
dnk,1999
dnk,2000
dnk,2001
dnk,2002
dnk,2003
dnk,2004
dnk,2005
dnk,2006
dnk,2007
dnk,2008
dnk,2009
dnk,2010
dnk,2011
dnk,2012
dnk,2013
dnk,2014
dnk,2015
dnk,2016
dnk,2017
dnk,2018
dnk,2019
dom,1981
dom,1982
dom,1983
dom,1984
dom,1985
dom,1986
dom,1987
dom,1988
dom,1989
dom,1990
dom,1991
dom,1992
dom,1993
dom,1994
dom,1995
dom,1996
dom,1997
dom,1998
dom,1999
dom,2000
dom,2001
dom,2002
dom,2003
dom,2004
dom,2005
dom,2006
dom,2007
dom,2008
dom,2009
dom,2010
dom,2011
dom,2012
dom,2013
dom,2014
dom,2015
dom,2016
dom,2017
dom,2018
dom,2019
dza,1981
dza,1982
dza,1983
dza,1984
dza,1985
dza,1986
dza,1987
dza,1988
dza,1989
dza,1990
dza,1991
dza,1992
dza,1993
dza,1994
dza,1995
dza,1996
dza,1997
dza,1998
dza,1999
dza,2000
dza,2001
dza,2002
dza,2003
dza,2004
dza,2005
dza,2006
dza,2007
dza,2008
dza,2009
dza,2010
dza,2011
dza,2012
dza,2013
dza,2014
dza,2015
dza,2016
dza,2017
dza,2018
dza,2019
ecu,1981
ecu,1982
ecu,1983
ecu,1984
ecu,1985
ecu,1986
ecu,1987
ecu,1988
ecu,1989
ecu,1990
ecu,1991
ecu,1992
ecu,1993
ecu,1994
ecu,1995
ecu,1996
ecu,1997
ecu,1998
ecu,1999
ecu,2000
ecu,2001
ecu,2002
ecu,2003
ecu,2004
ecu,2005
ecu,2006
ecu,2007
ecu,2008
ecu,2009
ecu,2010
ecu,2011
ecu,2012
ecu,2013
ecu,2014
ecu,2015
ecu,2016
ecu,2017
ecu,2018
ecu,2019
egy,1981
egy,1982
egy,1983
egy,1984
egy,1985
egy,1986
egy,1987
egy,1988
egy,1989
egy,1990
egy,1991
egy,1992
egy,1993
egy,1994
egy,1995
egy,1996
egy,1997
egy,1998
egy,1999
egy,2000
egy,2001
egy,2002
egy,2003
egy,2004
egy,2005
egy,2006
egy,2007
egy,2008
egy,2009
egy,2010
egy,2011
egy,2012
egy,2013
egy,2014
egy,2015
egy,2016
egy,2017
egy,2018
egy,2019
esp,1981
esp,1982
esp,1983
esp,1984
esp,1985
esp,1986
esp,1987
esp,1988
esp,1989
esp,1990
esp,1991
esp,1992
esp,1993
esp,1994
esp,1995
esp,1996
esp,1997
esp,1998
esp,1999
esp,2000
esp,2001
esp,2002
esp,2003
esp,2004
esp,2005
esp,2006
esp,2007
esp,2008
esp,2009
esp,2010
esp,2011
esp,2012
esp,2013
esp,2014
esp,2015
esp,2016
esp,2017
esp,2018
esp,2019
est,1981
est,1982
est,1983
est,1984
est,1985
est,1986
est,1987
est,1988
est,1989
est,1990
est,1991
est,1992
est,1993
est,1994
est,1995
est,1996
est,1997
est,1998
est,1999
est,2000
est,2001
est,2002
est,2003
est,2004
est,2005
est,2006
est,2007
est,2008
est,2009
est,2010
est,2011
est,2012
est,2013
est,2014
est,2015
est,2016
est,2017
est,2018
est,2019
eth,1981
eth,1982
eth,1983
eth,1984
eth,1985
eth,1986
eth,1987
eth,1988
eth,1989
eth,1990
eth,1991
eth,1992
eth,1993
eth,1994
eth,1995
eth,1996
eth,1997
eth,1998
eth,1999
eth,2000
eth,2001
eth,2002
eth,2003
eth,2004
eth,2005
eth,2006
eth,2007
eth,2008
eth,2009
eth,2010
eth,2011
eth,2012
eth,2013
eth,2014
eth,2015
eth,2016
eth,2017
eth,2018
eth,2019
fin,1981
fin,1982
fin,1983
fin,1984
fin,1985
fin,1986
fin,1987
fin,1988
fin,1989
fin,1990
fin,1991
fin,1992
fin,1993
fin,1994
fin,1995
fin,1996
fin,1997
fin,1998
fin,1999
fin,2000
fin,2001
fin,2002
fin,2003
fin,2004
fin,2005
fin,2006
fin,2007
fin,2008
fin,2009
fin,2010
fin,2011
fin,2012
fin,2013
fin,2014
fin,2015
fin,2016
fin,2017
fin,2018
fin,2019
fji,1981
fji,1982
fji,1983
fji,1984
fji,1985
fji,1986
fji,1987
fji,1988
fji,1989
fji,1990
fji,1991
fji,1992
fji,1993
fji,1994
fji,1995
fji,1996
fji,1997
fji,1998
fji,1999
fji,2000
fji,2001
fji,2002
fji,2003
fji,2004
fji,2005
fji,2006
fji,2007
fji,2008
fji,2009
fji,2010
fji,2011
fji,2012
fji,2013
fji,2014
fji,2015
fji,2016
fji,2017
fji,2018
fji,2019
fra,1981
fra,1982
fra,1983
fra,1984
fra,1985
fra,1986
fra,1987
fra,1988
fra,1989
fra,1990
fra,1991
fra,1992
fra,1993
fra,1994
fra,1995
fra,1996
fra,1997
fra,1998
fra,1999
fra,2000
fra,2001
fra,2002
fra,2003
fra,2004
fra,2005
fra,2006
fra,2007
fra,2008
fra,2009
fra,2010
fra,2011
fra,2012
fra,2013
fra,2014
fra,2015
fra,2016
fra,2017
fra,2018
fra,2019
fsm,1986
fsm,1987
fsm,1988
fsm,1989
fsm,1990
fsm,1991
fsm,1992
fsm,1993
fsm,1994
fsm,1995
fsm,1996
fsm,1997
fsm,1998
fsm,1999
fsm,2000
fsm,2001
fsm,2002
fsm,2003
fsm,2004
fsm,2005
fsm,2006
fsm,2007
fsm,2008
fsm,2009
fsm,2010
fsm,2011
fsm,2012
fsm,2013
fsm,2014
fsm,2015
fsm,2016
fsm,2017
fsm,2018
fsm,2019
gab,1981
gab,1982
gab,1983
gab,1984
gab,1985
gab,1986
gab,1987
gab,1988
gab,1989
gab,1990
gab,1991
gab,1992
gab,1993
gab,1994
gab,1995
gab,1996
gab,1997
gab,1998
gab,1999
gab,2000
gab,2001
gab,2002
gab,2003
gab,2004
gab,2005
gab,2006
gab,2007
gab,2008
gab,2009
gab,2010
gab,2011
gab,2012
gab,2013
gab,2014
gab,2015
gab,2016
gab,2017
gab,2018
gab,2019
gbr,1981
gbr,1982
gbr,1983
gbr,1984
gbr,1985
gbr,1986
gbr,1987
gbr,1988
gbr,1989
gbr,1990
gbr,1991
gbr,1992
gbr,1993
gbr,1994
gbr,1995
gbr,1996
gbr,1997
gbr,1998
gbr,1999
gbr,2000
gbr,2001
gbr,2002
gbr,2003
gbr,2004
gbr,2005
gbr,2006
gbr,2007
gbr,2008
gbr,2009
gbr,2010
gbr,2011
gbr,2012
gbr,2013
gbr,2014
gbr,2015
gbr,2016
gbr,2017
gbr,2018
gbr,2019
geo,1981
geo,1982
geo,1983
geo,1984
geo,1985
geo,1986
geo,1987
geo,1988
geo,1989
geo,1990
geo,1991
geo,1992
geo,1993
geo,1994
geo,1995
geo,1996
geo,1997
geo,1998
geo,1999
geo,2000
geo,2001
geo,2002
geo,2003
geo,2004
geo,2005
geo,2006
geo,2007
geo,2008
geo,2009
geo,2010
geo,2011
geo,2012
geo,2013
geo,2014
geo,2015
geo,2016
geo,2017
geo,2018
geo,2019
gha,1981
gha,1982
gha,1983
gha,1984
gha,1985
gha,1986
gha,1987
gha,1988
gha,1989
gha,1990
gha,1991
gha,1992
gha,1993
gha,1994
gha,1995
gha,1996
gha,1997
gha,1998
gha,1999
gha,2000
gha,2001
gha,2002
gha,2003
gha,2004
gha,2005
gha,2006
gha,2007
gha,2008
gha,2009
gha,2010
gha,2011
gha,2012
gha,2013
gha,2014
gha,2015
gha,2016
gha,2017
gha,2018
gha,2019
gin,1981
gin,1982
gin,1983
gin,1984
gin,1985
gin,1986
gin,1987
gin,1988
gin,1989
gin,1990
gin,1991
gin,1992
gin,1993
gin,1994
gin,1995
gin,1996
gin,1997
gin,1998
gin,1999
gin,2000
gin,2001
gin,2002
gin,2003
gin,2004
gin,2005
gin,2006
gin,2007
gin,2008
gin,2009
gin,2010
gin,2011
gin,2012
gin,2013
gin,2014
gin,2015
gin,2016
gin,2017
gin,2018
gin,2019
gmb,1981
gmb,1982
gmb,1983
gmb,1984
gmb,1985
gmb,1986
gmb,1987
gmb,1988
gmb,1989
gmb,1990
gmb,1991
gmb,1992
gmb,1993
gmb,1994
gmb,1995
gmb,1996
gmb,1997
gmb,1998
gmb,1999
gmb,2000
gmb,2001
gmb,2002
gmb,2003
gmb,2004
gmb,2005
gmb,2006
gmb,2007
gmb,2008
gmb,2009
gmb,2010
gmb,2011
gmb,2012
gmb,2013
gmb,2014
gmb,2015
gmb,2016
gmb,2017
gmb,2018
gmb,2019
gnb,1981
gnb,1982
gnb,1983
gnb,1984
gnb,1985
gnb,1986
gnb,1987
gnb,1988
gnb,1989
gnb,1990
gnb,1991
gnb,1992
gnb,1993
gnb,1994
gnb,1995
gnb,1996
gnb,1997
gnb,1998
gnb,1999
gnb,2000
gnb,2001
gnb,2002
gnb,2003
gnb,2004
gnb,2005
gnb,2006
gnb,2007
gnb,2008
gnb,2009
gnb,2010
gnb,2011
gnb,2012
gnb,2013
gnb,2014
gnb,2015
gnb,2016
gnb,2017
gnb,2018
gnb,2019
grc,1981
grc,1982
grc,1983
grc,1984
grc,1985
grc,1986
grc,1987
grc,1988
grc,1989
grc,1990
grc,1991
grc,1992
grc,1993
grc,1994
grc,1995
grc,1996
grc,1997
grc,1998
grc,1999
grc,2000
grc,2001
grc,2002
grc,2003
grc,2004
grc,2005
grc,2006
grc,2007
grc,2008
grc,2009
grc,2010
grc,2011
grc,2012
grc,2013
grc,2014
grc,2015
grc,2016
grc,2017
grc,2018
grc,2019
gtm,1981
gtm,1982
gtm,1983
gtm,1984
gtm,1985
gtm,1986
gtm,1987
gtm,1988
gtm,1989
gtm,1990
gtm,1991
gtm,1992
gtm,1993
gtm,1994
gtm,1995
gtm,1996
gtm,1997
gtm,1998
gtm,1999
gtm,2000
gtm,2001
gtm,2002
gtm,2003
gtm,2004
gtm,2005
gtm,2006
gtm,2007
gtm,2008
gtm,2009
gtm,2010
gtm,2011
gtm,2012
gtm,2013
gtm,2014
gtm,2015
gtm,2016
gtm,2017
gtm,2018
gtm,2019
guy,1981
guy,1982
guy,1983
guy,1984
guy,1985
guy,1986
guy,1987
guy,1988
guy,1989
guy,1990
guy,1991
guy,1992
guy,1993
guy,1994
guy,1995
guy,1996
guy,1997
guy,1998
guy,1999
guy,2000
guy,2001
guy,2002
guy,2003
guy,2004
guy,2005
guy,2006
guy,2007
guy,2008
guy,2009
guy,2010
guy,2011
guy,2012
guy,2013
guy,2014
guy,2015
guy,2016
guy,2017
guy,2018
guy,2019
hnd,1981
hnd,1982
hnd,1983
hnd,1984
hnd,1985
hnd,1986
hnd,1987
hnd,1988
hnd,1989
hnd,1990
hnd,1991
hnd,1992
hnd,1993
hnd,1994
hnd,1995
hnd,1996
hnd,1997
hnd,1998
hnd,1999
hnd,2000
hnd,2001
hnd,2002
hnd,2003
hnd,2004
hnd,2005
hnd,2006
hnd,2007
hnd,2008
hnd,2009
hnd,2010
hnd,2011
hnd,2012
hnd,2013
hnd,2014
hnd,2015
hnd,2016
hnd,2017
hnd,2018
hnd,2019
hrv,1981
hrv,1982
hrv,1983
hrv,1984
hrv,1985
hrv,1986
hrv,1987
hrv,1988
hrv,1989
hrv,1990
hrv,1991
hrv,1992
hrv,1993
hrv,1994
hrv,1995
hrv,1996
hrv,1997
hrv,1998
hrv,1999
hrv,2000
hrv,2001
hrv,2002
hrv,2003
hrv,2004
hrv,2005
hrv,2006
hrv,2007
hrv,2008
hrv,2009
hrv,2010
hrv,2011
hrv,2012
hrv,2013
hrv,2014
hrv,2015
hrv,2016
hrv,2017
hrv,2018
hrv,2019
hti,1981
hti,1982
hti,1983
hti,1984
hti,1985
hti,1986
hti,1987
hti,1988
hti,1989
hti,1990
hti,1991
hti,1992
hti,1993
hti,1994
hti,1995
hti,1996
hti,1997
hti,1998
hti,1999
hti,2000
hti,2001
hti,2002
hti,2003
hti,2004
hti,2005
hti,2006
hti,2007
hti,2008
hti,2009
hti,2010
hti,2011
hti,2012
hti,2013
hti,2014
hti,2015
hti,2016
hti,2017
hti,2018
hti,2019
hun,1981
hun,1982
hun,1983
hun,1984
hun,1985
hun,1986
hun,1987
hun,1988
hun,1989
hun,1990
hun,1991
hun,1992
hun,1993
hun,1994
hun,1995
hun,1996
hun,1997
hun,1998
hun,1999
hun,2000
hun,2001
hun,2002
hun,2003
hun,2004
hun,2005
hun,2006
hun,2007
hun,2008
hun,2009
hun,2010
hun,2011
hun,2012
hun,2013
hun,2014
hun,2015
hun,2016
hun,2017
hun,2018
hun,2019
idn,1981
idn,1982
idn,1983
idn,1984
idn,1985
idn,1986
idn,1987
idn,1988
idn,1989
idn,1990
idn,1991
idn,1992
idn,1993
idn,1994
idn,1995
idn,1996
idn,1997
idn,1998
idn,1999
idn,2000
idn,2001
idn,2002
idn,2003
idn,2004
idn,2005
idn,2006
idn,2007
idn,2008
idn,2009
idn,2010
idn,2011
idn,2012
idn,2013
idn,2014
idn,2015
idn,2016
idn,2017
idn,2018
idn,2019
ind,1981
ind,1982
ind,1983
ind,1984
ind,1985
ind,1986
ind,1987
ind,1988
ind,1989
ind,1990
ind,1991
ind,1992
ind,1993
ind,1994
ind,1995
ind,1996
ind,1997
ind,1998
ind,1999
ind,2000
ind,2001
ind,2002
ind,2003
ind,2004
ind,2005
ind,2006
ind,2007
ind,2008
ind,2009
ind,2010
ind,2011
ind,2012
ind,2013
ind,2014
ind,2015
ind,2016
ind,2017
ind,2018
ind,2019
irl,1981
irl,1982
irl,1983
irl,1984
irl,1985
irl,1986
irl,1987
irl,1988
irl,1989
irl,1990
irl,1991
irl,1992
irl,1993
irl,1994
irl,1995
irl,1996
irl,1997
irl,1998
irl,1999
irl,2000
irl,2001
irl,2002
irl,2003
irl,2004
irl,2005
irl,2006
irl,2007
irl,2008
irl,2009
irl,2010
irl,2011
irl,2012
irl,2013
irl,2014
irl,2015
irl,2016
irl,2017
irl,2018
irl,2019
irn,1981
irn,1982
irn,1983
irn,1984
irn,1985
irn,1986
irn,1987
irn,1988
irn,1989
irn,1990
irn,1991
irn,1992
irn,1993
irn,1994
irn,1995
irn,1996
irn,1997
irn,1998
irn,1999
irn,2000
irn,2001
irn,2002
irn,2003
irn,2004
irn,2005
irn,2006
irn,2007
irn,2008
irn,2009
irn,2010
irn,2011
irn,2012
irn,2013
irn,2014
irn,2015
irn,2016
irn,2017
irn,2018
irn,2019
irq,1981
irq,1982
irq,1983
irq,1984
irq,1985
irq,1986
irq,1987
irq,1988
irq,1989
irq,1990
irq,1991
irq,1992
irq,1993
irq,1994
irq,1995
irq,1996
irq,1997
irq,1998
irq,1999
irq,2000
irq,2001
irq,2002
irq,2003
irq,2004
irq,2005
irq,2006
irq,2007
irq,2008
irq,2009
irq,2010
irq,2011
irq,2012
irq,2013
irq,2014
irq,2015
irq,2016
irq,2017
irq,2018
irq,2019
isl,1981
isl,1982
isl,1983
isl,1984
isl,1985
isl,1986
isl,1987
isl,1988
isl,1989
isl,1990
isl,1991
isl,1992
isl,1993
isl,1994
isl,1995
isl,1996
isl,1997
isl,1998
isl,1999
isl,2000
isl,2001
isl,2002
isl,2003
isl,2004
isl,2005
isl,2006
isl,2007
isl,2008
isl,2009
isl,2010
isl,2011
isl,2012
isl,2013
isl,2014
isl,2015
isl,2016
isl,2017
isl,2018
isl,2019
isr,1981
isr,1982
isr,1983
isr,1984
isr,1985
isr,1986
isr,1987
isr,1988
isr,1989
isr,1990
isr,1991
isr,1992
isr,1993
isr,1994
isr,1995
isr,1996
isr,1997
isr,1998
isr,1999
isr,2000
isr,2001
isr,2002
isr,2003
isr,2004
isr,2005
isr,2006
isr,2007
isr,2008
isr,2009
isr,2010
isr,2011
isr,2012
isr,2013
isr,2014
isr,2015
isr,2016
isr,2017
isr,2018
isr,2019
ita,1981
ita,1982
ita,1983
ita,1984
ita,1985
ita,1986
ita,1987
ita,1988
ita,1989
ita,1990
ita,1991
ita,1992
ita,1993
ita,1994
ita,1995
ita,1996
ita,1997
ita,1998
ita,1999
ita,2000
ita,2001
ita,2002
ita,2003
ita,2004
ita,2005
ita,2006
ita,2007
ita,2008
ita,2009
ita,2010
ita,2011
ita,2012
ita,2013
ita,2014
ita,2015
ita,2016
ita,2017
ita,2018
ita,2019
jam,1981
jam,1982
jam,1983
jam,1984
jam,1985
jam,1986
jam,1987
jam,1988
jam,1989
jam,1990
jam,1991
jam,1992
jam,1993
jam,1994
jam,1995
jam,1996
jam,1997
jam,1998
jam,1999
jam,2000
jam,2001
jam,2002
jam,2003
jam,2004
jam,2005
jam,2006
jam,2007
jam,2008
jam,2009
jam,2010
jam,2011
jam,2012
jam,2013
jam,2014
jam,2015
jam,2016
jam,2017
jam,2018
jam,2019
jor,1981
jor,1982
jor,1983
jor,1984
jor,1985
jor,1986
jor,1987
jor,1988
jor,1989
jor,1990
jor,1991
jor,1992
jor,1993
jor,1994
jor,1995
jor,1996
jor,1997
jor,1998
jor,1999
jor,2000
jor,2001
jor,2002
jor,2003
jor,2004
jor,2005
jor,2006
jor,2007
jor,2008
jor,2009
jor,2010
jor,2011
jor,2012
jor,2013
jor,2014
jor,2015
jor,2016
jor,2017
jor,2018
jor,2019
jpn,1981
jpn,1982
jpn,1983
jpn,1984
jpn,1985
jpn,1986
jpn,1987
jpn,1988
jpn,1989
jpn,1990
jpn,1991
jpn,1992
jpn,1993
jpn,1994
jpn,1995
jpn,1996
jpn,1997
jpn,1998
jpn,1999
jpn,2000
jpn,2001
jpn,2002
jpn,2003
jpn,2004
jpn,2005
jpn,2006
jpn,2007
jpn,2008
jpn,2009
jpn,2010
jpn,2011
jpn,2012
jpn,2013
jpn,2014
jpn,2015
jpn,2016
jpn,2017
jpn,2018
jpn,2019
kaz,1981
kaz,1982
kaz,1983
kaz,1984
kaz,1985
kaz,1986
kaz,1987
kaz,1988
kaz,1989
kaz,1990
kaz,1991
kaz,1992
kaz,1993
kaz,1994
kaz,1995
kaz,1996
kaz,1997
kaz,1998
kaz,1999
kaz,2000
kaz,2001
kaz,2002
kaz,2003
kaz,2004
kaz,2005
kaz,2006
kaz,2007
kaz,2008
kaz,2009
kaz,2010
kaz,2011
kaz,2012
kaz,2013
kaz,2014
kaz,2015
kaz,2016
kaz,2017
kaz,2018
kaz,2019
ken,1981
ken,1982
ken,1983
ken,1984
ken,1985
ken,1986
ken,1987
ken,1988
ken,1989
ken,1990
ken,1991
ken,1992
ken,1993
ken,1994
ken,1995
ken,1996
ken,1997
ken,1998
ken,1999
ken,2000
ken,2001
ken,2002
ken,2003
ken,2004
ken,2005
ken,2006
ken,2007
ken,2008
ken,2009
ken,2010
ken,2011
ken,2012
ken,2013
ken,2014
ken,2015
ken,2016
ken,2017
ken,2018
ken,2019
kgz,1981
kgz,1982
kgz,1983
kgz,1984
kgz,1985
kgz,1986
kgz,1987
kgz,1988
kgz,1989
kgz,1990
kgz,1991
kgz,1992
kgz,1993
kgz,1994
kgz,1995
kgz,1996
kgz,1997
kgz,1998
kgz,1999
kgz,2000
kgz,2001
kgz,2002
kgz,2003
kgz,2004
kgz,2005
kgz,2006
kgz,2007
kgz,2008
kgz,2009
kgz,2010
kgz,2011
kgz,2012
kgz,2013
kgz,2014
kgz,2015
kgz,2016
kgz,2017
kgz,2018
kgz,2019
kir,1981
kir,1982
kir,1983
kir,1984
kir,1985
kir,1986
kir,1987
kir,1988
kir,1989
kir,1990
kir,1991
kir,1992
kir,1993
kir,1994
kir,1995
kir,1996
kir,1997
kir,1998
kir,1999
kir,2000
kir,2001
kir,2002
kir,2003
kir,2004
kir,2005
kir,2006
kir,2007
kir,2008
kir,2009
kir,2010
kir,2011
kir,2012
kir,2013
kir,2014
kir,2015
kir,2016
kir,2017
kir,2018
kir,2019
kor,1981
kor,1982
kor,1983
kor,1984
kor,1985
kor,1986
kor,1987
kor,1988
kor,1989
kor,1990
kor,1991
kor,1992
kor,1993
kor,1994
kor,1995
kor,1996
kor,1997
kor,1998
kor,1999
kor,2000
kor,2001
kor,2002
kor,2003
kor,2004
kor,2005
kor,2006
kor,2007
kor,2008
kor,2009
kor,2010
kor,2011
kor,2012
kor,2013
kor,2014
kor,2015
kor,2016
kor,2017
kor,2018
kor,2019
lao,1981
lao,1982
lao,1983
lao,1984
lao,1985
lao,1986
lao,1987
lao,1988
lao,1989
lao,1990
lao,1991
lao,1992
lao,1993
lao,1994
lao,1995
lao,1996
lao,1997
lao,1998
lao,1999
lao,2000
lao,2001
lao,2002
lao,2003
lao,2004
lao,2005
lao,2006
lao,2007
lao,2008
lao,2009
lao,2010
lao,2011
lao,2012
lao,2013
lao,2014
lao,2015
lao,2016
lao,2017
lao,2018
lao,2019
lbn,1981
lbn,1982
lbn,1983
lbn,1984
lbn,1985
lbn,1986
lbn,1987
lbn,1988
lbn,1989
lbn,1990
lbn,1991
lbn,1992
lbn,1993
lbn,1994
lbn,1995
lbn,1996
lbn,1997
lbn,1998
lbn,1999
lbn,2000
lbn,2001
lbn,2002
lbn,2003
lbn,2004
lbn,2005
lbn,2006
lbn,2007
lbn,2008
lbn,2009
lbn,2010
lbn,2011
lbn,2012
lbn,2013
lbn,2014
lbn,2015
lbn,2016
lbn,2017
lbn,2018
lbn,2019
lbr,1981
lbr,1982
lbr,1983
lbr,1984
lbr,1985
lbr,1986
lbr,1987
lbr,1988
lbr,1989
lbr,1990
lbr,1991
lbr,1992
lbr,1993
lbr,1994
lbr,1995
lbr,1996
lbr,1997
lbr,1998
lbr,1999
lbr,2000
lbr,2001
lbr,2002
lbr,2003
lbr,2004
lbr,2005
lbr,2006
lbr,2007
lbr,2008
lbr,2009
lbr,2010
lbr,2011
lbr,2012
lbr,2013
lbr,2014
lbr,2015
lbr,2016
lbr,2017
lbr,2018
lbr,2019
lca,1981
lca,1982
lca,1983
lca,1984
lca,1985
lca,1986
lca,1987
lca,1988
lca,1989
lca,1990
lca,1991
lca,1992
lca,1993
lca,1994
lca,1995
lca,1996
lca,1997
lca,1998
lca,1999
lca,2000
lca,2001
lca,2002
lca,2003
lca,2004
lca,2005
lca,2006
lca,2007
lca,2008
lca,2009
lca,2010
lca,2011
lca,2012
lca,2013
lca,2014
lca,2015
lca,2016
lca,2017
lca,2018
lca,2019
lka,1981
lka,1982
lka,1983
lka,1984
lka,1985
lka,1986
lka,1987
lka,1988
lka,1989
lka,1990
lka,1991
lka,1992
lka,1993
lka,1994
lka,1995
lka,1996
lka,1997
lka,1998
lka,1999
lka,2000
lka,2001
lka,2002
lka,2003
lka,2004
lka,2005
lka,2006
lka,2007
lka,2008
lka,2009
lka,2010
lka,2011
lka,2012
lka,2013
lka,2014
lka,2015
lka,2016
lka,2017
lka,2018
lka,2019
lso,1981
lso,1982
lso,1983
lso,1984
lso,1985
lso,1986
lso,1987
lso,1988
lso,1989
lso,1990
lso,1991
lso,1992
lso,1993
lso,1994
lso,1995
lso,1996
lso,1997
lso,1998
lso,1999
lso,2000
lso,2001
lso,2002
lso,2003
lso,2004
lso,2005
lso,2006
lso,2007
lso,2008
lso,2009
lso,2010
lso,2011
lso,2012
lso,2013
lso,2014
lso,2015
lso,2016
lso,2017
lso,2018
lso,2019
ltu,1981
ltu,1982
ltu,1983
ltu,1984
ltu,1985
ltu,1986
ltu,1987
ltu,1988
ltu,1989
ltu,1990
ltu,1991
ltu,1992
ltu,1993
ltu,1994
ltu,1995
ltu,1996
ltu,1997
ltu,1998
ltu,1999
ltu,2000
ltu,2001
ltu,2002
ltu,2003
ltu,2004
ltu,2005
ltu,2006
ltu,2007
ltu,2008
ltu,2009
ltu,2010
ltu,2011
ltu,2012
ltu,2013
ltu,2014
ltu,2015
ltu,2016
ltu,2017
ltu,2018
ltu,2019
lux,1981
lux,1982
lux,1983
lux,1984
lux,1985
lux,1986
lux,1987
lux,1988
lux,1989
lux,1990
lux,1991
lux,1992
lux,1993
lux,1994
lux,1995
lux,1996
lux,1997
lux,1998
lux,1999
lux,2000
lux,2001
lux,2002
lux,2003
lux,2004
lux,2005
lux,2006
lux,2007
lux,2008
lux,2009
lux,2010
lux,2011
lux,2012
lux,2013
lux,2014
lux,2015
lux,2016
lux,2017
lux,2018
lux,2019
lva,1981
lva,1982
lva,1983
lva,1984
lva,1985
lva,1986
lva,1987
lva,1988
lva,1989
lva,1990
lva,1991
lva,1992
lva,1993
lva,1994
lva,1995
lva,1996
lva,1997
lva,1998
lva,1999
lva,2000
lva,2001
lva,2002
lva,2003
lva,2004
lva,2005
lva,2006
lva,2007
lva,2008
lva,2009
lva,2010
lva,2011
lva,2012
lva,2013
lva,2014
lva,2015
lva,2016
lva,2017
lva,2018
lva,2019
mar,1981
mar,1982
mar,1983
mar,1984
mar,1985
mar,1986
mar,1987
mar,1988
mar,1989
mar,1990
mar,1991
mar,1992
mar,1993
mar,1994
mar,1995
mar,1996
mar,1997
mar,1998
mar,1999
mar,2000
mar,2001
mar,2002
mar,2003
mar,2004
mar,2005
mar,2006
mar,2007
mar,2008
mar,2009
mar,2010
mar,2011
mar,2012
mar,2013
mar,2014
mar,2015
mar,2016
mar,2017
mar,2018
mar,2019
mda,1981
mda,1982
mda,1983
mda,1984
mda,1985
mda,1986
mda,1987
mda,1988
mda,1989
mda,1990
mda,1991
mda,1992
mda,1993
mda,1994
mda,1995
mda,1996
mda,1997
mda,1998
mda,1999
mda,2000
mda,2001
mda,2002
mda,2003
mda,2004
mda,2005
mda,2006
mda,2007
mda,2008
mda,2009
mda,2010
mda,2011
mda,2012
mda,2013
mda,2014
mda,2015
mda,2016
mda,2017
mda,2018
mda,2019
mdg,1981
mdg,1982
mdg,1983
mdg,1984
mdg,1985
mdg,1986
mdg,1987
mdg,1988
mdg,1989
mdg,1990
mdg,1991
mdg,1992
mdg,1993
mdg,1994
mdg,1995
mdg,1996
mdg,1997
mdg,1998
mdg,1999
mdg,2000
mdg,2001
mdg,2002
mdg,2003
mdg,2004
mdg,2005
mdg,2006
mdg,2007
mdg,2008
mdg,2009
mdg,2010
mdg,2011
mdg,2012
mdg,2013
mdg,2014
mdg,2015
mdg,2016
mdg,2017
mdg,2018
mdg,2019
mdv,1981
mdv,1982
mdv,1983
mdv,1984
mdv,1985
mdv,1986
mdv,1987
mdv,1988
mdv,1989
mdv,1990
mdv,1991
mdv,1992
mdv,1993
mdv,1994
mdv,1995
mdv,1996
mdv,1997
mdv,1998
mdv,1999
mdv,2000
mdv,2001
mdv,2002
mdv,2003
mdv,2004
mdv,2005
mdv,2006
mdv,2007
mdv,2008
mdv,2009
mdv,2010
mdv,2011
mdv,2012
mdv,2013
mdv,2014
mdv,2015
mdv,2016
mdv,2017
mdv,2018
mdv,2019
mex,1981
mex,1982
mex,1983
mex,1984
mex,1985
mex,1986
mex,1987
mex,1988
mex,1989
mex,1990
mex,1991
mex,1992
mex,1993
mex,1994
mex,1995
mex,1996
mex,1997
mex,1998
mex,1999
mex,2000
mex,2001
mex,2002
mex,2003
mex,2004
mex,2005
mex,2006
mex,2007
mex,2008
mex,2009
mex,2010
mex,2011
mex,2012
mex,2013
mex,2014
mex,2015
mex,2016
mex,2017
mex,2018
mex,2019
mhl,1981
mhl,1982
mhl,1983
mhl,1984
mhl,1985
mhl,1986
mhl,1987
mhl,1988
mhl,1989
mhl,1990
mhl,1991
mhl,1992
mhl,1993
mhl,1994
mhl,1995
mhl,1996
mhl,1997
mhl,1998
mhl,1999
mhl,2000
mhl,2001
mhl,2002
mhl,2003
mhl,2004
mhl,2005
mhl,2006
mhl,2007
mhl,2008
mhl,2009
mhl,2010
mhl,2011
mhl,2012
mhl,2013
mhl,2014
mhl,2015
mhl,2016
mhl,2017
mhl,2018
mhl,2019
mkd,1981
mkd,1982
mkd,1983
mkd,1984
mkd,1985
mkd,1986
mkd,1987
mkd,1988
mkd,1989
mkd,1990
mkd,1991
mkd,1992
mkd,1993
mkd,1994
mkd,1995
mkd,1996
mkd,1997
mkd,1998
mkd,1999
mkd,2000
mkd,2001
mkd,2002
mkd,2003
mkd,2004
mkd,2005
mkd,2006
mkd,2007
mkd,2008
mkd,2009
mkd,2010
mkd,2011
mkd,2012
mkd,2013
mkd,2014
mkd,2015
mkd,2016
mkd,2017
mkd,2018
mkd,2019
mli,1981
mli,1982
mli,1983
mli,1984
mli,1985
mli,1986
mli,1987
mli,1988
mli,1989
mli,1990
mli,1991
mli,1992
mli,1993
mli,1994
mli,1995
mli,1996
mli,1997
mli,1998
mli,1999
mli,2000
mli,2001
mli,2002
mli,2003
mli,2004
mli,2005
mli,2006
mli,2007
mli,2008
mli,2009
mli,2010
mli,2011
mli,2012
mli,2013
mli,2014
mli,2015
mli,2016
mli,2017
mli,2018
mli,2019
mlt,1981
mlt,1982
mlt,1983
mlt,1984
mlt,1985
mlt,1986
mlt,1987
mlt,1988
mlt,1989
mlt,1990
mlt,1991
mlt,1992
mlt,1993
mlt,1994
mlt,1995
mlt,1996
mlt,1997
mlt,1998
mlt,1999
mlt,2000
mlt,2001
mlt,2002
mlt,2003
mlt,2004
mlt,2005
mlt,2006
mlt,2007
mlt,2008
mlt,2009
mlt,2010
mlt,2011
mlt,2012
mlt,2013
mlt,2014
mlt,2015
mlt,2016
mlt,2017
mlt,2018
mlt,2019
mmr,1981
mmr,1982
mmr,1983
mmr,1984
mmr,1985
mmr,1986
mmr,1987
mmr,1988
mmr,1989
mmr,1990
mmr,1991
mmr,1992
mmr,1993
mmr,1994
mmr,1995
mmr,1996
mmr,1997
mmr,1998
mmr,1999
mmr,2000
mmr,2001
mmr,2002
mmr,2003
mmr,2004
mmr,2005
mmr,2006
mmr,2007
mmr,2008
mmr,2009
mmr,2010
mmr,2011
mmr,2012
mmr,2013
mmr,2014
mmr,2015
mmr,2016
mmr,2017
mmr,2018
mmr,2019
mne,1981
mne,1982
mne,1983
mne,1984
mne,1985
mne,1986
mne,1987
mne,1988
mne,1989
mne,1990
mne,1991
mne,1992
mne,1993
mne,1994
mne,1995
mne,1996
mne,1997
mne,1998
mne,1999
mne,2000
mne,2001
mne,2002
mne,2003
mne,2004
mne,2005
mne,2006
mne,2007
mne,2008
mne,2009
mne,2010
mne,2011
mne,2012
mne,2013
mne,2014
mne,2015
mne,2016
mne,2017
mne,2018
mne,2019
mng,1981
mng,1982
mng,1983
mng,1984
mng,1985
mng,1986
mng,1987
mng,1988
mng,1989
mng,1990
mng,1991
mng,1992
mng,1993
mng,1994
mng,1995
mng,1996
mng,1997
mng,1998
mng,1999
mng,2000
mng,2001
mng,2002
mng,2003
mng,2004
mng,2005
mng,2006
mng,2007
mng,2008
mng,2009
mng,2010
mng,2011
mng,2012
mng,2013
mng,2014
mng,2015
mng,2016
mng,2017
mng,2018
mng,2019
moz,1981
moz,1982
moz,1983
moz,1984
moz,1985
moz,1986
moz,1987
moz,1988
moz,1989
moz,1990
moz,1991
moz,1992
moz,1993
moz,1994
moz,1995
moz,1996
moz,1997
moz,1998
moz,1999
moz,2000
moz,2001
moz,2002
moz,2003
moz,2004
moz,2005
moz,2006
moz,2007
moz,2008
moz,2009
moz,2010
moz,2011
moz,2012
moz,2013
moz,2014
moz,2015
moz,2016
moz,2017
moz,2018
moz,2019
mrt,1981
mrt,1982
mrt,1983
mrt,1984
mrt,1985
mrt,1986
mrt,1987
mrt,1988
mrt,1989
mrt,1990
mrt,1991
mrt,1992
mrt,1993
mrt,1994
mrt,1995
mrt,1996
mrt,1997
mrt,1998
mrt,1999
mrt,2000
mrt,2001
mrt,2002
mrt,2003
mrt,2004
mrt,2005
mrt,2006
mrt,2007
mrt,2008
mrt,2009
mrt,2010
mrt,2011
mrt,2012
mrt,2013
mrt,2014
mrt,2015
mrt,2016
mrt,2017
mrt,2018
mrt,2019
mus,1981
mus,1982
mus,1983
mus,1984
mus,1985
mus,1986
mus,1987
mus,1988
mus,1989
mus,1990
mus,1991
mus,1992
mus,1993
mus,1994
mus,1995
mus,1996
mus,1997
mus,1998
mus,1999
mus,2000
mus,2001
mus,2002
mus,2003
mus,2004
mus,2005
mus,2006
mus,2007
mus,2008
mus,2009
mus,2010
mus,2011
mus,2012
mus,2013
mus,2014
mus,2015
mus,2016
mus,2017
mus,2018
mus,2019
mwi,1981
mwi,1982
mwi,1983
mwi,1984
mwi,1985
mwi,1986
mwi,1987
mwi,1988
mwi,1989
mwi,1990
mwi,1991
mwi,1992
mwi,1993
mwi,1994
mwi,1995
mwi,1996
mwi,1997
mwi,1998
mwi,1999
mwi,2000
mwi,2001
mwi,2002
mwi,2003
mwi,2004
mwi,2005
mwi,2006
mwi,2007
mwi,2008
mwi,2009
mwi,2010
mwi,2011
mwi,2012
mwi,2013
mwi,2014
mwi,2015
mwi,2016
mwi,2017
mwi,2018
mwi,2019
mys,1981
mys,1982
mys,1983
mys,1984
mys,1985
mys,1986
mys,1987
mys,1988
mys,1989
mys,1990
mys,1991
mys,1992
mys,1993
mys,1994
mys,1995
mys,1996
mys,1997
mys,1998
mys,1999
mys,2000
mys,2001
mys,2002
mys,2003
mys,2004
mys,2005
mys,2006
mys,2007
mys,2008
mys,2009
mys,2010
mys,2011
mys,2012
mys,2013
mys,2014
mys,2015
mys,2016
mys,2017
mys,2018
mys,2019
nam,1981
nam,1982
nam,1983
nam,1984
nam,1985
nam,1986
nam,1987
nam,1988
nam,1989
nam,1990
nam,1991
nam,1992
nam,1993
nam,1994
nam,1995
nam,1996
nam,1997
nam,1998
nam,1999
nam,2000
nam,2001
nam,2002
nam,2003
nam,2004
nam,2005
nam,2006
nam,2007
nam,2008
nam,2009
nam,2010
nam,2011
nam,2012
nam,2013
nam,2014
nam,2015
nam,2016
nam,2017
nam,2018
nam,2019
ner,1981
ner,1982
ner,1983
ner,1984
ner,1985
ner,1986
ner,1987
ner,1988
ner,1989
ner,1990
ner,1991
ner,1992
ner,1993
ner,1994
ner,1995
ner,1996
ner,1997
ner,1998
ner,1999
ner,2000
ner,2001
ner,2002
ner,2003
ner,2004
ner,2005
ner,2006
ner,2007
ner,2008
ner,2009
ner,2010
ner,2011
ner,2012
ner,2013
ner,2014
ner,2015
ner,2016
ner,2017
ner,2018
ner,2019
nga,1981
nga,1982
nga,1983
nga,1984
nga,1985
nga,1986
nga,1987
nga,1988
nga,1989
nga,1990
nga,1991
nga,1992
nga,1993
nga,1994
nga,1995
nga,1996
nga,1997
nga,1998
nga,1999
nga,2000
nga,2001
nga,2002
nga,2003
nga,2004
nga,2005
nga,2006
nga,2007
nga,2008
nga,2009
nga,2010
nga,2011
nga,2012
nga,2013
nga,2014
nga,2015
nga,2016
nga,2017
nga,2018
nga,2019
nic,1981
nic,1982
nic,1983
nic,1984
nic,1985
nic,1986
nic,1987
nic,1988
nic,1989
nic,1990
nic,1991
nic,1992
nic,1993
nic,1994
nic,1995
nic,1996
nic,1997
nic,1998
nic,1999
nic,2000
nic,2001
nic,2002
nic,2003
nic,2004
nic,2005
nic,2006
nic,2007
nic,2008
nic,2009
nic,2010
nic,2011
nic,2012
nic,2013
nic,2014
nic,2015
nic,2016
nic,2017
nic,2018
nic,2019
nld,1981
nld,1982
nld,1983
nld,1984
nld,1985
nld,1986
nld,1987
nld,1988
nld,1989
nld,1990
nld,1991
nld,1992
nld,1993
nld,1994
nld,1995
nld,1996
nld,1997
nld,1998
nld,1999
nld,2000
nld,2001
nld,2002
nld,2003
nld,2004
nld,2005
nld,2006
nld,2007
nld,2008
nld,2009
nld,2010
nld,2011
nld,2012
nld,2013
nld,2014
nld,2015
nld,2016
nld,2017
nld,2018
nld,2019
nor,1981
nor,1982
nor,1983
nor,1984
nor,1985
nor,1986
nor,1987
nor,1988
nor,1989
nor,1990
nor,1991
nor,1992
nor,1993
nor,1994
nor,1995
nor,1996
nor,1997
nor,1998
nor,1999
nor,2000
nor,2001
nor,2002
nor,2003
nor,2004
nor,2005
nor,2006
nor,2007
nor,2008
nor,2009
nor,2010
nor,2011
nor,2012
nor,2013
nor,2014
nor,2015
nor,2016
nor,2017
nor,2018
nor,2019
npl,1981
npl,1982
npl,1983
npl,1984
npl,1985
npl,1986
npl,1987
npl,1988
npl,1989
npl,1990
npl,1991
npl,1992
npl,1993
npl,1994
npl,1995
npl,1996
npl,1997
npl,1998
npl,1999
npl,2000
npl,2001
npl,2002
npl,2003
npl,2004
npl,2005
npl,2006
npl,2007
npl,2008
npl,2009
npl,2010
npl,2011
npl,2012
npl,2013
npl,2014
npl,2015
npl,2016
npl,2017
npl,2018
npl,2019
nru,2004
nru,2005
nru,2006
nru,2007
nru,2008
nru,2009
nru,2010
nru,2011
nru,2012
nru,2013
nru,2014
nru,2015
nru,2016
nru,2017
nru,2018
nru,2019
pak,1981
pak,1982
pak,1983
pak,1984
pak,1985
pak,1986
pak,1987
pak,1988
pak,1989
pak,1990
pak,1991
pak,1992
pak,1993
pak,1994
pak,1995
pak,1996
pak,1997
pak,1998
pak,1999
pak,2000
pak,2001
pak,2002
pak,2003
pak,2004
pak,2005
pak,2006
pak,2007
pak,2008
pak,2009
pak,2010
pak,2011
pak,2012
pak,2013
pak,2014
pak,2015
pak,2016
pak,2017
pak,2018
pak,2019
pan,1981
pan,1982
pan,1983
pan,1984
pan,1985
pan,1986
pan,1987
pan,1988
pan,1989
pan,1990
pan,1991
pan,1992
pan,1993
pan,1994
pan,1995
pan,1996
pan,1997
pan,1998
pan,1999
pan,2000
pan,2001
pan,2002
pan,2003
pan,2004
pan,2005
pan,2006
pan,2007
pan,2008
pan,2009
pan,2010
pan,2011
pan,2012
pan,2013
pan,2014
pan,2015
pan,2016
pan,2017
pan,2018
pan,2019
per,1981
per,1982
per,1983
per,1984
per,1985
per,1986
per,1987
per,1988
per,1989
per,1990
per,1991
per,1992
per,1993
per,1994
per,1995
per,1996
per,1997
per,1998
per,1999
per,2000
per,2001
per,2002
per,2003
per,2004
per,2005
per,2006
per,2007
per,2008
per,2009
per,2010
per,2011
per,2012
per,2013
per,2014
per,2015
per,2016
per,2017
per,2018
per,2019
phl,1981
phl,1982
phl,1983
phl,1984
phl,1985
phl,1986
phl,1987
phl,1988
phl,1989
phl,1990
phl,1991
phl,1992
phl,1993
phl,1994
phl,1995
phl,1996
phl,1997
phl,1998
phl,1999
phl,2000
phl,2001
phl,2002
phl,2003
phl,2004
phl,2005
phl,2006
phl,2007
phl,2008
phl,2009
phl,2010
phl,2011
phl,2012
phl,2013
phl,2014
phl,2015
phl,2016
phl,2017
phl,2018
phl,2019
png,1981
png,1982
png,1983
png,1984
png,1985
png,1986
png,1987
png,1988
png,1989
png,1990
png,1991
png,1992
png,1993
png,1994
png,1995
png,1996
png,1997
png,1998
png,1999
png,2000
png,2001
png,2002
png,2003
png,2004
png,2005
png,2006
png,2007
png,2008
png,2009
png,2010
png,2011
png,2012
png,2013
png,2014
png,2015
png,2016
png,2017
png,2018
png,2019
pol,1981
pol,1982
pol,1983
pol,1984
pol,1985
pol,1986
pol,1987
pol,1988
pol,1989
pol,1990
pol,1991
pol,1992
pol,1993
pol,1994
pol,1995
pol,1996
pol,1997
pol,1998
pol,1999
pol,2000
pol,2001
pol,2002
pol,2003
pol,2004
pol,2005
pol,2006
pol,2007
pol,2008
pol,2009
pol,2010
pol,2011
pol,2012
pol,2013
pol,2014
pol,2015
pol,2016
pol,2017
pol,2018
pol,2019
prt,1981
prt,1982
prt,1983
prt,1984
prt,1985
prt,1986
prt,1987
prt,1988
prt,1989
prt,1990
prt,1991
prt,1992
prt,1993
prt,1994
prt,1995
prt,1996
prt,1997
prt,1998
prt,1999
prt,2000
prt,2001
prt,2002
prt,2003
prt,2004
prt,2005
prt,2006
prt,2007
prt,2008
prt,2009
prt,2010
prt,2011
prt,2012
prt,2013
prt,2014
prt,2015
prt,2016
prt,2017
prt,2018
prt,2019
pry,1981
pry,1982
pry,1983
pry,1984
pry,1985
pry,1986
pry,1987
pry,1988
pry,1989
pry,1990
pry,1991
pry,1992
pry,1993
pry,1994
pry,1995
pry,1996
pry,1997
pry,1998
pry,1999
pry,2000
pry,2001
pry,2002
pry,2003
pry,2004
pry,2005
pry,2006
pry,2007
pry,2008
pry,2009
pry,2010
pry,2011
pry,2012
pry,2013
pry,2014
pry,2015
pry,2016
pry,2017
pry,2018
pry,2019
pse,1981
pse,1982
pse,1983
pse,1984
pse,1985
pse,1986
pse,1987
pse,1988
pse,1989
pse,1990
pse,1991
pse,1992
pse,1993
pse,1994
pse,1995
pse,1996
pse,1997
pse,1998
pse,1999
pse,2000
pse,2001
pse,2002
pse,2003
pse,2004
pse,2005
pse,2006
pse,2007
pse,2008
pse,2009
pse,2010
pse,2011
pse,2012
pse,2013
pse,2014
pse,2015
pse,2016
pse,2017
pse,2018
pse,2019
rou,1981
rou,1982
rou,1983
rou,1984
rou,1985
rou,1986
rou,1987
rou,1988
rou,1989
rou,1990
rou,1991
rou,1992
rou,1993
rou,1994
rou,1995
rou,1996
rou,1997
rou,1998
rou,1999
rou,2000
rou,2001
rou,2002
rou,2003
rou,2004
rou,2005
rou,2006
rou,2007
rou,2008
rou,2009
rou,2010
rou,2011
rou,2012
rou,2013
rou,2014
rou,2015
rou,2016
rou,2017
rou,2018
rou,2019
rus,1981
rus,1982
rus,1983
rus,1984
rus,1985
rus,1986
rus,1987
rus,1988
rus,1989
rus,1990
rus,1991
rus,1992
rus,1993
rus,1994
rus,1995
rus,1996
rus,1997
rus,1998
rus,1999
rus,2000
rus,2001
rus,2002
rus,2003
rus,2004
rus,2005
rus,2006
rus,2007
rus,2008
rus,2009
rus,2010
rus,2011
rus,2012
rus,2013
rus,2014
rus,2015
rus,2016
rus,2017
rus,2018
rus,2019
rwa,1981
rwa,1982
rwa,1983
rwa,1984
rwa,1985
rwa,1986
rwa,1987
rwa,1988
rwa,1989
rwa,1990
rwa,1991
rwa,1992
rwa,1993
rwa,1994
rwa,1995
rwa,1996
rwa,1997
rwa,1998
rwa,1999
rwa,2000
rwa,2001
rwa,2002
rwa,2003
rwa,2004
rwa,2005
rwa,2006
rwa,2007
rwa,2008
rwa,2009
rwa,2010
rwa,2011
rwa,2012
rwa,2013
rwa,2014
rwa,2015
rwa,2016
rwa,2017
rwa,2018
rwa,2019
sdn,1981
sdn,1982
sdn,1983
sdn,1984
sdn,1985
sdn,1986
sdn,1987
sdn,1988
sdn,1989
sdn,1990
sdn,1991
sdn,1992
sdn,1993
sdn,1994
sdn,1995
sdn,1996
sdn,1997
sdn,1998
sdn,1999
sdn,2000
sdn,2001
sdn,2002
sdn,2003
sdn,2004
sdn,2005
sdn,2006
sdn,2007
sdn,2008
sdn,2009
sdn,2010
sdn,2011
sdn,2012
sdn,2013
sdn,2014
sdn,2015
sdn,2016
sdn,2017
sdn,2018
sdn,2019
sen,1981
sen,1982
sen,1983
sen,1984
sen,1985
sen,1986
sen,1987
sen,1988
sen,1989
sen,1990
sen,1991
sen,1992
sen,1993
sen,1994
sen,1995
sen,1996
sen,1997
sen,1998
sen,1999
sen,2000
sen,2001
sen,2002
sen,2003
sen,2004
sen,2005
sen,2006
sen,2007
sen,2008
sen,2009
sen,2010
sen,2011
sen,2012
sen,2013
sen,2014
sen,2015
sen,2016
sen,2017
sen,2018
sen,2019
slb,1981
slb,1982
slb,1983
slb,1984
slb,1985
slb,1986
slb,1987
slb,1988
slb,1989
slb,1990
slb,1991
slb,1992
slb,1993
slb,1994
slb,1995
slb,1996
slb,1997
slb,1998
slb,1999
slb,2000
slb,2001
slb,2002
slb,2003
slb,2004
slb,2005
slb,2006
slb,2007
slb,2008
slb,2009
slb,2010
slb,2011
slb,2012
slb,2013
slb,2014
slb,2015
slb,2016
slb,2017
slb,2018
slb,2019
sle,1981
sle,1982
sle,1983
sle,1984
sle,1985
sle,1986
sle,1987
sle,1988
sle,1989
sle,1990
sle,1991
sle,1992
sle,1993
sle,1994
sle,1995
sle,1996
sle,1997
sle,1998
sle,1999
sle,2000
sle,2001
sle,2002
sle,2003
sle,2004
sle,2005
sle,2006
sle,2007
sle,2008
sle,2009
sle,2010
sle,2011
sle,2012
sle,2013
sle,2014
sle,2015
sle,2016
sle,2017
sle,2018
sle,2019
slv,1981
slv,1982
slv,1983
slv,1984
slv,1985
slv,1986
slv,1987
slv,1988
slv,1989
slv,1990
slv,1991
slv,1992
slv,1993
slv,1994
slv,1995
slv,1996
slv,1997
slv,1998
slv,1999
slv,2000
slv,2001
slv,2002
slv,2003
slv,2004
slv,2005
slv,2006
slv,2007
slv,2008
slv,2009
slv,2010
slv,2011
slv,2012
slv,2013
slv,2014
slv,2015
slv,2016
slv,2017
slv,2018
slv,2019
som,2012
som,2013
som,2014
som,2015
som,2016
som,2017
som,2018
som,2019
srb,1981
srb,1982
srb,1983
srb,1984
srb,1985
srb,1986
srb,1987
srb,1988
srb,1989
srb,1990
srb,1991
srb,1992
srb,1993
srb,1994
srb,1995
srb,1996
srb,1997
srb,1998
srb,1999
srb,2000
srb,2001
srb,2002
srb,2003
srb,2004
srb,2005
srb,2006
srb,2007
srb,2008
srb,2009
srb,2010
srb,2011
srb,2012
srb,2013
srb,2014
srb,2015
srb,2016
srb,2017
srb,2018
srb,2019
ssd,2008
ssd,2009
ssd,2010
ssd,2011
ssd,2012
ssd,2013
ssd,2014
ssd,2015
ssd,2016
ssd,2017
ssd,2018
ssd,2019
stp,1981
stp,1982
stp,1983
stp,1984
stp,1985
stp,1986
stp,1987
stp,1988
stp,1989
stp,1990
stp,1991
stp,1992
stp,1993
stp,1994
stp,1995
stp,1996
stp,1997
stp,1998
stp,1999
stp,2000
stp,2001
stp,2002
stp,2003
stp,2004
stp,2005
stp,2006
stp,2007
stp,2008
stp,2009
stp,2010
stp,2011
stp,2012
stp,2013
stp,2014
stp,2015
stp,2016
stp,2017
stp,2018
stp,2019
sur,1981
sur,1982
sur,1983
sur,1984
sur,1985
sur,1986
sur,1987
sur,1988
sur,1989
sur,1990
sur,1991
sur,1992
sur,1993
sur,1994
sur,1995
sur,1996
sur,1997
sur,1998
sur,1999
sur,2000
sur,2001
sur,2002
sur,2003
sur,2004
sur,2005
sur,2006
sur,2007
sur,2008
sur,2009
sur,2010
sur,2011
sur,2012
sur,2013
sur,2014
sur,2015
sur,2016
sur,2017
sur,2018
sur,2019
svk,1985
svk,1986
svk,1987
svk,1988
svk,1989
svk,1990
svk,1991
svk,1992
svk,1993
svk,1994
svk,1995
svk,1996
svk,1997
svk,1998
svk,1999
svk,2000
svk,2001
svk,2002
svk,2003
svk,2004
svk,2005
svk,2006
svk,2007
svk,2008
svk,2009
svk,2010
svk,2011
svk,2012
svk,2013
svk,2014
svk,2015
svk,2016
svk,2017
svk,2018
svk,2019
svn,1981
svn,1982
svn,1983
svn,1984
svn,1985
svn,1986
svn,1987
svn,1988
svn,1989
svn,1990
svn,1991
svn,1992
svn,1993
svn,1994
svn,1995
svn,1996
svn,1997
svn,1998
svn,1999
svn,2000
svn,2001
svn,2002
svn,2003
svn,2004
svn,2005
svn,2006
svn,2007
svn,2008
svn,2009
svn,2010
svn,2011
svn,2012
svn,2013
svn,2014
svn,2015
svn,2016
svn,2017
svn,2018
svn,2019
swe,1981
swe,1982
swe,1983
swe,1984
swe,1985
swe,1986
swe,1987
swe,1988
swe,1989
swe,1990
swe,1991
swe,1992
swe,1993
swe,1994
swe,1995
swe,1996
swe,1997
swe,1998
swe,1999
swe,2000
swe,2001
swe,2002
swe,2003
swe,2004
swe,2005
swe,2006
swe,2007
swe,2008
swe,2009
swe,2010
swe,2011
swe,2012
swe,2013
swe,2014
swe,2015
swe,2016
swe,2017
swe,2018
swe,2019
swz,1981
swz,1982
swz,1983
swz,1984
swz,1985
swz,1986
swz,1987
swz,1988
swz,1989
swz,1990
swz,1991
swz,1992
swz,1993
swz,1994
swz,1995
swz,1996
swz,1997
swz,1998
swz,1999
swz,2000
swz,2001
swz,2002
swz,2003
swz,2004
swz,2005
swz,2006
swz,2007
swz,2008
swz,2009
swz,2010
swz,2011
swz,2012
swz,2013
swz,2014
swz,2015
swz,2016
swz,2017
swz,2018
swz,2019
syc,1981
syc,1982
syc,1983
syc,1984
syc,1985
syc,1986
syc,1987
syc,1988
syc,1989
syc,1990
syc,1991
syc,1992
syc,1993
syc,1994
syc,1995
syc,1996
syc,1997
syc,1998
syc,1999
syc,2000
syc,2001
syc,2002
syc,2003
syc,2004
syc,2005
syc,2006
syc,2007
syc,2008
syc,2009
syc,2010
syc,2011
syc,2012
syc,2013
syc,2014
syc,2015
syc,2016
syc,2017
syc,2018
syc,2019
syr,1981
syr,1982
syr,1983
syr,1984
syr,1985
syr,1986
syr,1987
syr,1988
syr,1989
syr,1990
syr,1991
syr,1992
syr,1993
syr,1994
syr,1995
syr,1996
syr,1997
syr,1998
syr,1999
syr,2000
syr,2001
syr,2002
syr,2003
syr,2004
syr,2005
syr,2006
syr,2007
syr,2008
syr,2009
syr,2010
syr,2011
syr,2012
syr,2013
syr,2014
syr,2015
syr,2016
syr,2017
syr,2018
syr,2019
tcd,1981
tcd,1982
tcd,1983
tcd,1984
tcd,1985
tcd,1986
tcd,1987
tcd,1988
tcd,1989
tcd,1990
tcd,1991
tcd,1992
tcd,1993
tcd,1994
tcd,1995
tcd,1996
tcd,1997
tcd,1998
tcd,1999
tcd,2000
tcd,2001
tcd,2002
tcd,2003
tcd,2004
tcd,2005
tcd,2006
tcd,2007
tcd,2008
tcd,2009
tcd,2010
tcd,2011
tcd,2012
tcd,2013
tcd,2014
tcd,2015
tcd,2016
tcd,2017
tcd,2018
tcd,2019
tgo,1981
tgo,1982
tgo,1983
tgo,1984
tgo,1985
tgo,1986
tgo,1987
tgo,1988
tgo,1989
tgo,1990
tgo,1991
tgo,1992
tgo,1993
tgo,1994
tgo,1995
tgo,1996
tgo,1997
tgo,1998
tgo,1999
tgo,2000
tgo,2001
tgo,2002
tgo,2003
tgo,2004
tgo,2005
tgo,2006
tgo,2007
tgo,2008
tgo,2009
tgo,2010
tgo,2011
tgo,2012
tgo,2013
tgo,2014
tgo,2015
tgo,2016
tgo,2017
tgo,2018
tgo,2019
tha,1981
tha,1982
tha,1983
tha,1984
tha,1985
tha,1986
tha,1987
tha,1988
tha,1989
tha,1990
tha,1991
tha,1992
tha,1993
tha,1994
tha,1995
tha,1996
tha,1997
tha,1998
tha,1999
tha,2000
tha,2001
tha,2002
tha,2003
tha,2004
tha,2005
tha,2006
tha,2007
tha,2008
tha,2009
tha,2010
tha,2011
tha,2012
tha,2013
tha,2014
tha,2015
tha,2016
tha,2017
tha,2018
tha,2019
tjk,1981
tjk,1982
tjk,1983
tjk,1984
tjk,1985
tjk,1986
tjk,1987
tjk,1988
tjk,1989
tjk,1990
tjk,1991
tjk,1992
tjk,1993
tjk,1994
tjk,1995
tjk,1996
tjk,1997
tjk,1998
tjk,1999
tjk,2000
tjk,2001
tjk,2002
tjk,2003
tjk,2004
tjk,2005
tjk,2006
tjk,2007
tjk,2008
tjk,2009
tjk,2010
tjk,2011
tjk,2012
tjk,2013
tjk,2014
tjk,2015
tjk,2016
tjk,2017
tjk,2018
tjk,2019
tkm,1981
tkm,1982
tkm,1983
tkm,1984
tkm,1985
tkm,1986
tkm,1987
tkm,1988
tkm,1989
tkm,1990
tkm,1991
tkm,1992
tkm,1993
tkm,1994
tkm,1995
tkm,1996
tkm,1997
tkm,1998
tkm,1999
tkm,2000
tkm,2001
tkm,2002
tkm,2003
tkm,2004
tkm,2005
tkm,2006
tkm,2007
tkm,2008
tkm,2009
tkm,2010
tkm,2011
tkm,2012
tkm,2013
tkm,2014
tkm,2015
tkm,2016
tkm,2017
tkm,2018
tkm,2019
tls,2000
tls,2001
tls,2002
tls,2003
tls,2004
tls,2005
tls,2006
tls,2007
tls,2008
tls,2009
tls,2010
tls,2011
tls,2012
tls,2013
tls,2014
tls,2015
tls,2016
tls,2017
tls,2018
tls,2019
ton,1981
ton,1982
ton,1983
ton,1984
ton,1985
ton,1986
ton,1987
ton,1988
ton,1989
ton,1990
ton,1991
ton,1992
ton,1993
ton,1994
ton,1995
ton,1996
ton,1997
ton,1998
ton,1999
ton,2000
ton,2001
ton,2002
ton,2003
ton,2004
ton,2005
ton,2006
ton,2007
ton,2008
ton,2009
ton,2010
ton,2011
ton,2012
ton,2013
ton,2014
ton,2015
ton,2016
ton,2017
ton,2018
ton,2019
tto,1981
tto,1982
tto,1983
tto,1984
tto,1985
tto,1986
tto,1987
tto,1988
tto,1989
tto,1990
tto,1991
tto,1992
tto,1993
tto,1994
tto,1995
tto,1996
tto,1997
tto,1998
tto,1999
tto,2000
tto,2001
tto,2002
tto,2003
tto,2004
tto,2005
tto,2006
tto,2007
tto,2008
tto,2009
tto,2010
tto,2011
tto,2012
tto,2013
tto,2014
tto,2015
tto,2016
tto,2017
tto,2018
tto,2019
tun,1981
tun,1982
tun,1983
tun,1984
tun,1985
tun,1986
tun,1987
tun,1988
tun,1989
tun,1990
tun,1991
tun,1992
tun,1993
tun,1994
tun,1995
tun,1996
tun,1997
tun,1998
tun,1999
tun,2000
tun,2001
tun,2002
tun,2003
tun,2004
tun,2005
tun,2006
tun,2007
tun,2008
tun,2009
tun,2010
tun,2011
tun,2012
tun,2013
tun,2014
tun,2015
tun,2016
tun,2017
tun,2018
tun,2019
tur,1981
tur,1982
tur,1983
tur,1984
tur,1985
tur,1986
tur,1987
tur,1988
tur,1989
tur,1990
tur,1991
tur,1992
tur,1993
tur,1994
tur,1995
tur,1996
tur,1997
tur,1998
tur,1999
tur,2000
tur,2001
tur,2002
tur,2003
tur,2004
tur,2005
tur,2006
tur,2007
tur,2008
tur,2009
tur,2010
tur,2011
tur,2012
tur,2013
tur,2014
tur,2015
tur,2016
tur,2017
tur,2018
tur,2019
tuv,1990
tuv,1991
tuv,1992
tuv,1993
tuv,1994
tuv,1995
tuv,1996
tuv,1997
tuv,1998
tuv,1999
tuv,2000
tuv,2001
tuv,2002
tuv,2003
tuv,2004
tuv,2005
tuv,2006
tuv,2007
tuv,2008
tuv,2009
tuv,2010
tuv,2011
tuv,2012
tuv,2013
tuv,2014
tuv,2015
tuv,2016
tuv,2017
tuv,2018
tuv,2019
twn,1981
twn,1982
twn,1983
twn,1984
twn,1985
twn,1986
twn,1987
twn,1988
twn,1989
twn,1990
twn,1991
twn,1992
twn,1993
twn,1994
twn,1995
twn,1996
twn,1997
twn,1998
twn,1999
twn,2000
twn,2001
twn,2002
twn,2003
twn,2004
twn,2005
twn,2006
twn,2007
twn,2008
twn,2009
twn,2010
twn,2011
twn,2012
twn,2013
twn,2014
twn,2015
twn,2016
twn,2017
twn,2018
twn,2019
tza,1981
tza,1982
tza,1983
tza,1984
tza,1985
tza,1986
tza,1987
tza,1988
tza,1989
tza,1990
tza,1991
tza,1992
tza,1993
tza,1994
tza,1995
tza,1996
tza,1997
tza,1998
tza,1999
tza,2000
tza,2001
tza,2002
tza,2003
tza,2004
tza,2005
tza,2006
tza,2007
tza,2008
tza,2009
tza,2010
tza,2011
tza,2012
tza,2013
tza,2014
tza,2015
tza,2016
tza,2017
tza,2018
tza,2019
uga,1981
uga,1982
uga,1983
uga,1984
uga,1985
uga,1986
uga,1987
uga,1988
uga,1989
uga,1990
uga,1991
uga,1992
uga,1993
uga,1994
uga,1995
uga,1996
uga,1997
uga,1998
uga,1999
uga,2000
uga,2001
uga,2002
uga,2003
uga,2004
uga,2005
uga,2006
uga,2007
uga,2008
uga,2009
uga,2010
uga,2011
uga,2012
uga,2013
uga,2014
uga,2015
uga,2016
uga,2017
uga,2018
uga,2019
ukr,1981
ukr,1982
ukr,1983
ukr,1984
ukr,1985
ukr,1986
ukr,1987
ukr,1988
ukr,1989
ukr,1990
ukr,1991
ukr,1992
ukr,1993
ukr,1994
ukr,1995
ukr,1996
ukr,1997
ukr,1998
ukr,1999
ukr,2000
ukr,2001
ukr,2002
ukr,2003
ukr,2004
ukr,2005
ukr,2006
ukr,2007
ukr,2008
ukr,2009
ukr,2010
ukr,2011
ukr,2012
ukr,2013
ukr,2014
ukr,2015
ukr,2016
ukr,2017
ukr,2018
ukr,2019
ury,1981
ury,1982
ury,1983
ury,1984
ury,1985
ury,1986
ury,1987
ury,1988
ury,1989
ury,1990
ury,1991
ury,1992
ury,1993
ury,1994
ury,1995
ury,1996
ury,1997
ury,1998
ury,1999
ury,2000
ury,2001
ury,2002
ury,2003
ury,2004
ury,2005
ury,2006
ury,2007
ury,2008
ury,2009
ury,2010
ury,2011
ury,2012
ury,2013
ury,2014
ury,2015
ury,2016
ury,2017
ury,2018
ury,2019
usa,1981
usa,1982
usa,1983
usa,1984
usa,1985
usa,1986
usa,1987
usa,1988
usa,1989
usa,1990
usa,1991
usa,1992
usa,1993
usa,1994
usa,1995
usa,1996
usa,1997
usa,1998
usa,1999
usa,2000
usa,2001
usa,2002
usa,2003
usa,2004
usa,2005
usa,2006
usa,2007
usa,2008
usa,2009
usa,2010
usa,2011
usa,2012
usa,2013
usa,2014
usa,2015
usa,2016
usa,2017
usa,2018
usa,2019
uzb,1981
uzb,1982
uzb,1983
uzb,1984
uzb,1985
uzb,1986
uzb,1987
uzb,1988
uzb,1989
uzb,1990
uzb,1991
uzb,1992
uzb,1993
uzb,1994
uzb,1995
uzb,1996
uzb,1997
uzb,1998
uzb,1999
uzb,2000
uzb,2001
uzb,2002
uzb,2003
uzb,2004
uzb,2005
uzb,2006
uzb,2007
uzb,2008
uzb,2009
uzb,2010
uzb,2011
uzb,2012
uzb,2013
uzb,2014
uzb,2015
uzb,2016
uzb,2017
uzb,2018
uzb,2019
ven,1981
ven,1982
ven,1983
ven,1984
ven,1985
ven,1986
ven,1987
ven,1988
ven,1989
ven,1990
ven,1991
ven,1992
ven,1993
ven,1994
ven,1995
ven,1996
ven,1997
ven,1998
ven,1999
ven,2000
ven,2001
ven,2002
ven,2003
ven,2004
ven,2005
ven,2006
ven,2007
ven,2008
ven,2009
ven,2010
ven,2011
ven,2012
ven,2013
ven,2014
vnm,1981
vnm,1982
vnm,1983
vnm,1984
vnm,1985
vnm,1986
vnm,1987
vnm,1988
vnm,1989
vnm,1990
vnm,1991
vnm,1992
vnm,1993
vnm,1994
vnm,1995
vnm,1996
vnm,1997
vnm,1998
vnm,1999
vnm,2000
vnm,2001
vnm,2002
vnm,2003
vnm,2004
vnm,2005
vnm,2006
vnm,2007
vnm,2008
vnm,2009
vnm,2010
vnm,2011
vnm,2012
vnm,2013
vnm,2014
vnm,2015
vnm,2016
vnm,2017
vnm,2018
vnm,2019
vut,1981
vut,1982
vut,1983
vut,1984
vut,1985
vut,1986
vut,1987
vut,1988
vut,1989
vut,1990
vut,1991
vut,1992
vut,1993
vut,1994
vut,1995
vut,1996
vut,1997
vut,1998
vut,1999
vut,2000
vut,2001
vut,2002
vut,2003
vut,2004
vut,2005
vut,2006
vut,2007
vut,2008
vut,2009
vut,2010
vut,2011
vut,2012
vut,2013
vut,2014
vut,2015
vut,2016
vut,2017
vut,2018
vut,2019
wsm,1982
wsm,1983
wsm,1984
wsm,1985
wsm,1986
wsm,1987
wsm,1988
wsm,1989
wsm,1990
wsm,1991
wsm,1992
wsm,1993
wsm,1994
wsm,1995
wsm,1996
wsm,1997
wsm,1998
wsm,1999
wsm,2000
wsm,2001
wsm,2002
wsm,2003
wsm,2004
wsm,2005
wsm,2006
wsm,2007
wsm,2008
wsm,2009
wsm,2010
wsm,2011
wsm,2012
wsm,2013
wsm,2014
wsm,2015
wsm,2016
wsm,2017
wsm,2018
wsm,2019
kos,2000
kos,2001
kos,2002
kos,2003
kos,2004
kos,2005
kos,2006
kos,2007
kos,2008
kos,2009
kos,2010
kos,2011
kos,2012
kos,2013
kos,2014
kos,2015
kos,2016
kos,2017
kos,2018
kos,2019
yem,1981
yem,1982
yem,1983
yem,1984
yem,1985
yem,1986
yem,1987
yem,1988
yem,1989
yem,1990
yem,1991
yem,1992
yem,1993
yem,1994
yem,1995
yem,1996
yem,1997
yem,1998
yem,1999
yem,2000
yem,2001
yem,2002
yem,2003
yem,2004
yem,2005
yem,2006
yem,2007
yem,2008
yem,2009
yem,2010
yem,2011
yem,2012
yem,2013
yem,2014
yem,2015
yem,2016
yem,2017
yem,2018
yem,2019
zaf,1981
zaf,1982
zaf,1983
zaf,1984
zaf,1985
zaf,1986
zaf,1987
zaf,1988
zaf,1989
zaf,1990
zaf,1991
zaf,1992
zaf,1993
zaf,1994
zaf,1995
zaf,1996
zaf,1997
zaf,1998
zaf,1999
zaf,2000
zaf,2001
zaf,2002
zaf,2003
zaf,2004
zaf,2005
zaf,2006
zaf,2007
zaf,2008
zaf,2009
zaf,2010
zaf,2011
zaf,2012
zaf,2013
zaf,2014
zaf,2015
zaf,2016
zaf,2017
zaf,2018
zaf,2019
zmb,1981
zmb,1982
zmb,1983
zmb,1984
zmb,1985
zmb,1986
zmb,1987
zmb,1988
zmb,1989
zmb,1990
zmb,1991
zmb,1992
zmb,1993
zmb,1994
zmb,1995
zmb,1996
zmb,1997
zmb,1998
zmb,1999
zmb,2000
zmb,2001
zmb,2002
zmb,2003
zmb,2004
zmb,2005
zmb,2006
zmb,2007
zmb,2008
zmb,2009
zmb,2010
zmb,2011
zmb,2012
zmb,2013
zmb,2014
zmb,2015
zmb,2016
zmb,2017
zmb,2018
zmb,2019
zwe,1981
zwe,1982
zwe,1983
zwe,1984
zwe,1985
zwe,1986
zwe,1987
zwe,1988
zwe,1989
zwe,1990
zwe,1991
zwe,1992
zwe,1993
zwe,1994
zwe,1995
zwe,1996
zwe,1997
zwe,1998
zwe,1999
zwe,2000
zwe,2001
zwe,2002
zwe,2003
zwe,2004
zwe,2005
zwe,2006
zwe,2007
zwe,2008
zwe,2009
zwe,2010
zwe,2011
zwe,2012
zwe,2013
zwe,2014
zwe,2015
zwe,2016
zwe,2017
zwe,2018
zwe,2019
